match_id,batting_team,bowling_team,toss_winner,toss_decision,venue,season,match_won_by
335982,Kolkata Knight Riders,Royal Challengers Bangalore,Royal Challengers Bangalore,field,M Chinnaswamy Stadium,2007/08,Kolkata Knight Riders
335983,Chennai Super Kings,Kings XI Punjab,Chennai Super Kings,bat,"Punjab Cricket Association Stadium, Mohali",2007/08,Chennai Super Kings
335984,Rajasthan Royals,Delhi Daredevils,Rajasthan Royals,bat,Feroz Shah Kotla,2007/08,Delhi Daredevils
335985,Mumbai Indians,Royal Challengers Bangalore,Mumbai Indians,bat,Wankhede Stadium,2007/08,Royal Challengers Bangalore
335986,Deccan Chargers,Kolkata Knight Riders,Deccan Chargers,bat,Eden Gardens,2007/08,Kolkata Knight Riders
335987,Kings XI Punjab,Rajasthan Royals,Kings XI Punjab,bat,Sawai Mansingh Stadium,2007/08,Rajasthan Royals
335988,Deccan Chargers,Delhi Daredevils,Deccan Chargers,bat,"Rajiv Gandhi International Stadium, Uppal",2007/08,Delhi Daredevils
335989,Chennai Super Kings,Mumbai Indians,Mumbai Indians,field,"MA Chidambaram Stadium, Chepauk",2007/08,Chennai Super Kings
335990,Deccan Chargers,Rajasthan Royals,Rajasthan Royals,field,"Rajiv Gandhi International Stadium, Uppal",2007/08,Rajasthan Royals
335991,Kings XI Punjab,Mumbai Indians,Mumbai Indians,field,"Punjab Cricket Association Stadium, Mohali",2007/08,Kings XI Punjab
335992,Royal Challengers Bangalore,Rajasthan Royals,Rajasthan Royals,field,M Chinnaswamy Stadium,2007/08,Rajasthan Royals
335993,Kolkata Knight Riders,Chennai Super Kings,Kolkata Knight Riders,bat,"MA Chidambaram Stadium, Chepauk",2007/08,Chennai Super Kings
335994,Mumbai Indians,Deccan Chargers,Deccan Chargers,field,Dr DY Patil Sports Academy,2007/08,Deccan Chargers
335995,Delhi Daredevils,Kings XI Punjab,Delhi Daredevils,bat,"Punjab Cricket Association Stadium, Mohali",2007/08,Kings XI Punjab
335996,Chennai Super Kings,Royal Challengers Bangalore,Chennai Super Kings,bat,M Chinnaswamy Stadium,2007/08,Chennai Super Kings
335997,Kolkata Knight Riders,Mumbai Indians,Kolkata Knight Riders,bat,Eden Gardens,2007/08,Mumbai Indians
335998,Delhi Daredevils,Royal Challengers Bangalore,Royal Challengers Bangalore,field,Feroz Shah Kotla,2007/08,Delhi Daredevils
335999,Deccan Chargers,Kings XI Punjab,Kings XI Punjab,field,"Rajiv Gandhi International Stadium, Uppal",2007/08,Kings XI Punjab
336000,Rajasthan Royals,Kolkata Knight Riders,Rajasthan Royals,bat,Sawai Mansingh Stadium,2007/08,Rajasthan Royals
336001,Chennai Super Kings,Delhi Daredevils,Chennai Super Kings,bat,"MA Chidambaram Stadium, Chepauk",2007/08,Delhi Daredevils
336003,Kings XI Punjab,Kolkata Knight Riders,Kings XI Punjab,bat,"Punjab Cricket Association Stadium, Mohali",2007/08,Kings XI Punjab
336034,Royal Challengers Bangalore,Deccan Chargers,Deccan Chargers,field,M Chinnaswamy Stadium,2007/08,Royal Challengers Bangalore
336004,Mumbai Indians,Delhi Daredevils,Delhi Daredevils,field,Dr DY Patil Sports Academy,2007/08,Mumbai Indians
336005,Chennai Super Kings,Rajasthan Royals,Chennai Super Kings,bat,Sawai Mansingh Stadium,2007/08,Rajasthan Royals
336006,Royal Challengers Bangalore,Kings XI Punjab,Kings XI Punjab,field,M Chinnaswamy Stadium,2007/08,Kings XI Punjab
336007,Chennai Super Kings,Deccan Chargers,Deccan Chargers,field,"MA Chidambaram Stadium, Chepauk",2007/08,Deccan Chargers
336008,Rajasthan Royals,Mumbai Indians,Mumbai Indians,field,Dr DY Patil Sports Academy,2007/08,Mumbai Indians
336009,Delhi Daredevils,Chennai Super Kings,Chennai Super Kings,field,Feroz Shah Kotla,2007/08,Chennai Super Kings
336010,Kolkata Knight Riders,Royal Challengers Bangalore,Kolkata Knight Riders,bat,Eden Gardens,2007/08,Kolkata Knight Riders
336011,Deccan Chargers,Rajasthan Royals,Rajasthan Royals,field,Sawai Mansingh Stadium,2007/08,Rajasthan Royals
336013,Chennai Super Kings,Kings XI Punjab,Kings XI Punjab,field,"MA Chidambaram Stadium, Chepauk",2007/08,Chennai Super Kings
336014,Kolkata Knight Riders,Deccan Chargers,Kolkata Knight Riders,bat,"Rajiv Gandhi International Stadium, Uppal",2007/08,Kolkata Knight Riders
336015,Delhi Daredevils,Rajasthan Royals,Rajasthan Royals,field,Sawai Mansingh Stadium,2007/08,Rajasthan Royals
336016,Royal Challengers Bangalore,Kings XI Punjab,Royal Challengers Bangalore,bat,"Punjab Cricket Association Stadium, Mohali",2007/08,Kings XI Punjab
336017,Kolkata Knight Riders,Delhi Daredevils,Kolkata Knight Riders,bat,Eden Gardens,2007/08,Kolkata Knight Riders
336018,Chennai Super Kings,Mumbai Indians,Mumbai Indians,field,Wankhede Stadium,2007/08,Mumbai Indians
336020,Delhi Daredevils,Deccan Chargers,Deccan Chargers,field,Feroz Shah Kotla,2007/08,Delhi Daredevils
336021,Kolkata Knight Riders,Mumbai Indians,Mumbai Indians,field,Wankhede Stadium,2007/08,Mumbai Indians
336022,Delhi Daredevils,Kings XI Punjab,Delhi Daredevils,bat,Feroz Shah Kotla,2007/08,Kings XI Punjab
336023,Rajasthan Royals,Royal Challengers Bangalore,Royal Challengers Bangalore,field,Sawai Mansingh Stadium,2007/08,Rajasthan Royals
336024,Mumbai Indians,Deccan Chargers,Deccan Chargers,field,"Rajiv Gandhi International Stadium, Uppal",2007/08,Mumbai Indians
336025,Kolkata Knight Riders,Chennai Super Kings,Kolkata Knight Riders,bat,Eden Gardens,2007/08,Chennai Super Kings
336026,Royal Challengers Bangalore,Delhi Daredevils,Delhi Daredevils,field,M Chinnaswamy Stadium,2007/08,Delhi Daredevils
336027,Kolkata Knight Riders,Rajasthan Royals,Rajasthan Royals,field,Eden Gardens,2007/08,Rajasthan Royals
336028,Kings XI Punjab,Mumbai Indians,Mumbai Indians,field,Wankhede Stadium,2007/08,Kings XI Punjab
336029,Royal Challengers Bangalore,Chennai Super Kings,Royal Challengers Bangalore,bat,"MA Chidambaram Stadium, Chepauk",2007/08,Royal Challengers Bangalore
336031,Deccan Chargers,Kings XI Punjab,Kings XI Punjab,field,"Punjab Cricket Association Stadium, Mohali",2007/08,Kings XI Punjab
336032,Mumbai Indians,Delhi Daredevils,Delhi Daredevils,field,Feroz Shah Kotla,2007/08,Delhi Daredevils
336033,Rajasthan Royals,Chennai Super Kings,Rajasthan Royals,bat,"MA Chidambaram Stadium, Chepauk",2007/08,Rajasthan Royals
336002,Deccan Chargers,Royal Challengers Bangalore,Deccan Chargers,bat,"Rajiv Gandhi International Stadium, Uppal",2007/08,Royal Challengers Bangalore
336035,Kings XI Punjab,Kolkata Knight Riders,Kings XI Punjab,bat,Eden Gardens,2007/08,Kolkata Knight Riders
336036,Mumbai Indians,Rajasthan Royals,Rajasthan Royals,field,Sawai Mansingh Stadium,2007/08,Rajasthan Royals
336037,Deccan Chargers,Chennai Super Kings,Deccan Chargers,bat,"Rajiv Gandhi International Stadium, Uppal",2007/08,Chennai Super Kings
336012,Royal Challengers Bangalore,Mumbai Indians,Mumbai Indians,field,M Chinnaswamy Stadium,2007/08,Mumbai Indians
336019,Kings XI Punjab,Rajasthan Royals,Rajasthan Royals,field,"Punjab Cricket Association Stadium, Mohali",2007/08,Kings XI Punjab
336038,Rajasthan Royals,Delhi Daredevils,Delhi Daredevils,field,Wankhede Stadium,2007/08,Rajasthan Royals
336039,Kings XI Punjab,Chennai Super Kings,Kings XI Punjab,bat,Wankhede Stadium,2007/08,Chennai Super Kings
336040,Chennai Super Kings,Rajasthan Royals,Rajasthan Royals,field,Dr DY Patil Sports Academy,2007/08,Rajasthan Royals
392181,Mumbai Indians,Chennai Super Kings,Chennai Super Kings,field,Newlands,2009,Mumbai Indians
392182,Royal Challengers Bangalore,Rajasthan Royals,Royal Challengers Bangalore,bat,Newlands,2009,Royal Challengers Bangalore
392183,Kings XI Punjab,Delhi Daredevils,Delhi Daredevils,field,Newlands,2009,Delhi Daredevils
392184,Kolkata Knight Riders,Deccan Chargers,Kolkata Knight Riders,bat,Newlands,2009,Deccan Chargers
392185,Chennai Super Kings,Royal Challengers Bangalore,Chennai Super Kings,bat,St George's Park,2009,Chennai Super Kings
392186,Kings XI Punjab,Kolkata Knight Riders,Kolkata Knight Riders,field,Kingsmead,2009,Kolkata Knight Riders
392188,Deccan Chargers,Royal Challengers Bangalore,Deccan Chargers,bat,Newlands,2009,Deccan Chargers
392189,Delhi Daredevils,Chennai Super Kings,Delhi Daredevils,bat,Kingsmead,2009,Delhi Daredevils
392190,Rajasthan Royals,Kolkata Knight Riders,Kolkata Knight Riders,field,Newlands,2009,Unknown
392191,Royal Challengers Bangalore,Kings XI Punjab,Royal Challengers Bangalore,bat,Kingsmead,2009,Kings XI Punjab
392192,Deccan Chargers,Mumbai Indians,Deccan Chargers,bat,Kingsmead,2009,Deccan Chargers
392194,Royal Challengers Bangalore,Delhi Daredevils,Royal Challengers Bangalore,bat,St George's Park,2009,Delhi Daredevils
392195,Kings XI Punjab,Rajasthan Royals,Kings XI Punjab,bat,Newlands,2009,Kings XI Punjab
392196,Chennai Super Kings,Deccan Chargers,Deccan Chargers,field,Kingsmead,2009,Deccan Chargers
392197,Mumbai Indians,Kolkata Knight Riders,Mumbai Indians,bat,St George's Park,2009,Mumbai Indians
392198,Delhi Daredevils,Rajasthan Royals,Delhi Daredevils,bat,SuperSport Park,2009,Rajasthan Royals
392199,Kolkata Knight Riders,Royal Challengers Bangalore,Kolkata Knight Riders,bat,Kingsmead,2009,Royal Challengers Bangalore
392200,Kings XI Punjab,Mumbai Indians,Kings XI Punjab,bat,Kingsmead,2009,Kings XI Punjab
392201,Deccan Chargers,Delhi Daredevils,Delhi Daredevils,field,SuperSport Park,2009,Delhi Daredevils
392202,Chennai Super Kings,Rajasthan Royals,Rajasthan Royals,field,SuperSport Park,2009,Chennai Super Kings
392203,Mumbai Indians,Kolkata Knight Riders,Mumbai Indians,bat,Buffalo Park,2009,Mumbai Indians
392204,Royal Challengers Bangalore,Kings XI Punjab,Royal Challengers Bangalore,bat,Kingsmead,2009,Royal Challengers Bangalore
392205,Deccan Chargers,Rajasthan Royals,Deccan Chargers,bat,St George's Park,2009,Rajasthan Royals
392206,Chennai Super Kings,Delhi Daredevils,Delhi Daredevils,field,New Wanderers Stadium,2009,Chennai Super Kings
392207,Kolkata Knight Riders,Kings XI Punjab,Kolkata Knight Riders,bat,St George's Park,2009,Kings XI Punjab
392208,Mumbai Indians,Royal Challengers Bangalore,Mumbai Indians,bat,New Wanderers Stadium,2009,Royal Challengers Bangalore
392209,Chennai Super Kings,Deccan Chargers,Chennai Super Kings,bat,Buffalo Park,2009,Chennai Super Kings
392210,Rajasthan Royals,Kings XI Punjab,Kings XI Punjab,field,Kingsmead,2009,Rajasthan Royals
392211,Kolkata Knight Riders,Delhi Daredevils,Kolkata Knight Riders,bat,Kingsmead,2009,Delhi Daredevils
392212,Deccan Chargers,Mumbai Indians,Deccan Chargers,bat,SuperSport Park,2009,Deccan Chargers
392213,Royal Challengers Bangalore,Rajasthan Royals,Rajasthan Royals,field,SuperSport Park,2009,Rajasthan Royals
392214,Chennai Super Kings,Kings XI Punjab,Chennai Super Kings,bat,SuperSport Park,2009,Chennai Super Kings
392215,Mumbai Indians,Delhi Daredevils,Mumbai Indians,bat,Buffalo Park,2009,Delhi Daredevils
392216,Deccan Chargers,Kings XI Punjab,Kings XI Punjab,field,De Beers Diamond Oval,2009,Kings XI Punjab
392217,Rajasthan Royals,Chennai Super Kings,Rajasthan Royals,bat,De Beers Diamond Oval,2009,Chennai Super Kings
392218,Mumbai Indians,Royal Challengers Bangalore,Mumbai Indians,bat,St George's Park,2009,Mumbai Indians
392219,Kolkata Knight Riders,Delhi Daredevils,Delhi Daredevils,field,New Wanderers Stadium,2009,Delhi Daredevils
392220,Deccan Chargers,Rajasthan Royals,Deccan Chargers,bat,De Beers Diamond Oval,2009,Deccan Chargers
392221,Kolkata Knight Riders,Royal Challengers Bangalore,Royal Challengers Bangalore,field,SuperSport Park,2009,Royal Challengers Bangalore
392222,Kings XI Punjab,Mumbai Indians,Kings XI Punjab,bat,SuperSport Park,2009,Mumbai Indians
392223,Delhi Daredevils,Deccan Chargers,Deccan Chargers,field,Kingsmead,2009,Delhi Daredevils
392224,Chennai Super Kings,Royal Challengers Bangalore,Chennai Super Kings,bat,Kingsmead,2009,Royal Challengers Bangalore
392225,Rajasthan Royals,Mumbai Indians,Rajasthan Royals,bat,Kingsmead,2009,Rajasthan Royals
392226,Delhi Daredevils,Kings XI Punjab,Kings XI Punjab,field,OUTsurance Oval,2009,Kings XI Punjab
392227,Mumbai Indians,Chennai Super Kings,Mumbai Indians,bat,St George's Park,2009,Chennai Super Kings
392228,Kolkata Knight Riders,Deccan Chargers,Deccan Chargers,field,New Wanderers Stadium,2009,Deccan Chargers
392229,Kings XI Punjab,Deccan Chargers,Deccan Chargers,field,New Wanderers Stadium,2009,Kings XI Punjab
392230,Delhi Daredevils,Rajasthan Royals,Delhi Daredevils,bat,OUTsurance Oval,2009,Delhi Daredevils
392231,Chennai Super Kings,Kolkata Knight Riders,Chennai Super Kings,bat,SuperSport Park,2009,Kolkata Knight Riders
392232,Delhi Daredevils,Royal Challengers Bangalore,Delhi Daredevils,bat,New Wanderers Stadium,2009,Royal Challengers Bangalore
392233,Rajasthan Royals,Kolkata Knight Riders,Kolkata Knight Riders,field,Kingsmead,2009,Kolkata Knight Riders
392234,Chennai Super Kings,Kings XI Punjab,Chennai Super Kings,bat,Kingsmead,2009,Chennai Super Kings
392235,Mumbai Indians,Delhi Daredevils,Delhi Daredevils,field,SuperSport Park,2009,Delhi Daredevils
392236,Royal Challengers Bangalore,Deccan Chargers,Royal Challengers Bangalore,bat,SuperSport Park,2009,Royal Challengers Bangalore
392237,Delhi Daredevils,Deccan Chargers,Deccan Chargers,field,SuperSport Park,2009,Deccan Chargers
392238,Chennai Super Kings,Royal Challengers Bangalore,Royal Challengers Bangalore,field,New Wanderers Stadium,2009,Royal Challengers Bangalore
392239,Deccan Chargers,Royal Challengers Bangalore,Royal Challengers Bangalore,field,New Wanderers Stadium,2009,Deccan Chargers
419106,Kolkata Knight Riders,Deccan Chargers,Deccan Chargers,field,Dr DY Patil Sports Academy,2009/10,Kolkata Knight Riders
419107,Mumbai Indians,Rajasthan Royals,Mumbai Indians,bat,Brabourne Stadium,2009/10,Mumbai Indians
419108,Kings XI Punjab,Delhi Daredevils,Delhi Daredevils,field,"Punjab Cricket Association Stadium, Mohali",2009/10,Delhi Daredevils
419109,Royal Challengers Bangalore,Kolkata Knight Riders,Kolkata Knight Riders,field,Eden Gardens,2009/10,Kolkata Knight Riders
419110,Deccan Chargers,Chennai Super Kings,Deccan Chargers,bat,"MA Chidambaram Stadium, Chepauk",2009/10,Deccan Chargers
419111,Rajasthan Royals,Delhi Daredevils,Delhi Daredevils,field,"Sardar Patel Stadium, Motera",2009/10,Delhi Daredevils
419112,Kings XI Punjab,Royal Challengers Bangalore,Kings XI Punjab,bat,M Chinnaswamy Stadium,2009/10,Royal Challengers Bangalore
419113,Chennai Super Kings,Kolkata Knight Riders,Chennai Super Kings,bat,Eden Gardens,2009/10,Chennai Super Kings
419114,Mumbai Indians,Delhi Daredevils,Delhi Daredevils,field,Feroz Shah Kotla,2009/10,Mumbai Indians
419115,Rajasthan Royals,Royal Challengers Bangalore,Royal Challengers Bangalore,field,M Chinnaswamy Stadium,2009/10,Royal Challengers Bangalore
419116,Delhi Daredevils,Chennai Super Kings,Delhi Daredevils,bat,Feroz Shah Kotla,2009/10,Chennai Super Kings
419117,Deccan Chargers,Kings XI Punjab,Kings XI Punjab,field,Barabati Stadium,2009/10,Deccan Chargers
419118,Rajasthan Royals,Kolkata Knight Riders,Rajasthan Royals,bat,"Sardar Patel Stadium, Motera",2009/10,Rajasthan Royals
419119,Mumbai Indians,Royal Challengers Bangalore,Mumbai Indians,bat,Brabourne Stadium,2009/10,Royal Challengers Bangalore
419120,Deccan Chargers,Delhi Daredevils,Deccan Chargers,bat,Barabati Stadium,2009/10,Deccan Chargers
419121,Kings XI Punjab,Chennai Super Kings,Chennai Super Kings,field,"MA Chidambaram Stadium, Chepauk",2009/10,Unknown
419122,Kolkata Knight Riders,Mumbai Indians,Kolkata Knight Riders,bat,Brabourne Stadium,2009/10,Mumbai Indians
419123,Royal Challengers Bangalore,Chennai Super Kings,Chennai Super Kings,field,M Chinnaswamy Stadium,2009/10,Royal Challengers Bangalore
419124,Rajasthan Royals,Kings XI Punjab,Kings XI Punjab,field,"Punjab Cricket Association Stadium, Mohali",2009/10,Rajasthan Royals
419125,Chennai Super Kings,Mumbai Indians,Mumbai Indians,field,"Brabourne Stadium, Mumbai",2009/10,Mumbai Indians
419128,Delhi Daredevils,Royal Challengers Bangalore,Royal Challengers Bangalore,field,M Chinnaswamy Stadium,2009/10,Delhi Daredevils
419126,Deccan Chargers,Rajasthan Royals,Deccan Chargers,bat,"Sardar Patel Stadium, Motera",2009/10,Rajasthan Royals
419127,Kolkata Knight Riders,Kings XI Punjab,Kolkata Knight Riders,bat,"Punjab Cricket Association Stadium, Mohali",2009/10,Kolkata Knight Riders
419129,Rajasthan Royals,Chennai Super Kings,Rajasthan Royals,bat,"Sardar Patel Stadium, Motera",2009/10,Rajasthan Royals
419130,Mumbai Indians,Deccan Chargers,Deccan Chargers,field,Dr DY Patil Sports Academy,2009/10,Mumbai Indians
419131,Delhi Daredevils,Kolkata Knight Riders,Delhi Daredevils,bat,Feroz Shah Kotla,2009/10,Delhi Daredevils
419132,Kings XI Punjab,Mumbai Indians,Mumbai Indians,field,Brabourne Stadium,2009/10,Mumbai Indians
419133,Royal Challengers Bangalore,Chennai Super Kings,Royal Challengers Bangalore,bat,"MA Chidambaram Stadium, Chepauk",2009/10,Chennai Super Kings
419134,Delhi Daredevils,Rajasthan Royals,Delhi Daredevils,bat,Feroz Shah Kotla,2009/10,Delhi Daredevils
419135,Kolkata Knight Riders,Deccan Chargers,Kolkata Knight Riders,bat,Eden Gardens,2009/10,Kolkata Knight Riders
419136,Kings XI Punjab,Royal Challengers Bangalore,Kings XI Punjab,bat,"Punjab Cricket Association Stadium, Mohali",2009/10,Royal Challengers Bangalore
419137,Chennai Super Kings,Rajasthan Royals,Chennai Super Kings,bat,"MA Chidambaram Stadium, Chepauk",2009/10,Chennai Super Kings
419138,Mumbai Indians,Deccan Chargers,Mumbai Indians,bat,Brabourne Stadium,2009/10,Mumbai Indians
419139,Kolkata Knight Riders,Kings XI Punjab,Kolkata Knight Riders,bat,Eden Gardens,2009/10,Kings XI Punjab
419140,Delhi Daredevils,Royal Challengers Bangalore,Delhi Daredevils,bat,Feroz Shah Kotla,2009/10,Delhi Daredevils
419141,Rajasthan Royals,Deccan Chargers,Rajasthan Royals,bat,"Vidarbha Cricket Association Stadium, Jamtha",2009/10,Rajasthan Royals
419142,Chennai Super Kings,Mumbai Indians,Chennai Super Kings,bat,"MA Chidambaram Stadium, Chepauk",2009/10,Chennai Super Kings
419143,Kings XI Punjab,Rajasthan Royals,Kings XI Punjab,bat,Sawai Mansingh Stadium,2009/10,Rajasthan Royals
419144,Kolkata Knight Riders,Delhi Daredevils,Kolkata Knight Riders,bat,Eden Gardens,2009/10,Kolkata Knight Riders
419145,Royal Challengers Bangalore,Deccan Chargers,Deccan Chargers,field,M Chinnaswamy Stadium,2009/10,Deccan Chargers
419146,Mumbai Indians,Kings XI Punjab,Mumbai Indians,bat,"Punjab Cricket Association Stadium, Mohali",2009/10,Kings XI Punjab
419147,Chennai Super Kings,Deccan Chargers,Chennai Super Kings,bat,"Vidarbha Cricket Association Stadium, Jamtha",2009/10,Deccan Chargers
419148,Kolkata Knight Riders,Royal Challengers Bangalore,Royal Challengers Bangalore,field,M Chinnaswamy Stadium,2009/10,Royal Challengers Bangalore
419149,Delhi Daredevils,Kings XI Punjab,Delhi Daredevils,bat,Feroz Shah Kotla,2009/10,Kings XI Punjab
419150,Mumbai Indians,Rajasthan Royals,Rajasthan Royals,field,Sawai Mansingh Stadium,2009/10,Mumbai Indians
419151,Deccan Chargers,Royal Challengers Bangalore,Royal Challengers Bangalore,field,"Vidarbha Cricket Association Stadium, Jamtha",2009/10,Deccan Chargers
419152,Mumbai Indians,Delhi Daredevils,Mumbai Indians,bat,Brabourne Stadium,2009/10,Mumbai Indians
419153,Kolkata Knight Riders,Chennai Super Kings,Kolkata Knight Riders,bat,"MA Chidambaram Stadium, Chepauk",2009/10,Chennai Super Kings
419154,Rajasthan Royals,Royal Challengers Bangalore,Rajasthan Royals,bat,Sawai Mansingh Stadium,2009/10,Royal Challengers Bangalore
419155,Chennai Super Kings,Delhi Daredevils,Chennai Super Kings,bat,"MA Chidambaram Stadium, Chepauk",2009/10,Delhi Daredevils
419156,Kings XI Punjab,Deccan Chargers,Deccan Chargers,field,Himachal Pradesh Cricket Association Stadium,2009/10,Deccan Chargers
419157,Mumbai Indians,Royal Challengers Bangalore,Royal Challengers Bangalore,field,M Chinnaswamy Stadium,2009/10,Mumbai Indians
419158,Rajasthan Royals,Kolkata Knight Riders,Rajasthan Royals,bat,Eden Gardens,2009/10,Kolkata Knight Riders
419159,Kings XI Punjab,Chennai Super Kings,Chennai Super Kings,field,Himachal Pradesh Cricket Association Stadium,2009/10,Chennai Super Kings
419160,Deccan Chargers,Delhi Daredevils,Deccan Chargers,bat,Feroz Shah Kotla,2009/10,Deccan Chargers
419161,Mumbai Indians,Kolkata Knight Riders,Mumbai Indians,bat,Eden Gardens,2009/10,Kolkata Knight Riders
419162,Mumbai Indians,Royal Challengers Bangalore,Mumbai Indians,bat,Dr DY Patil Sports Academy,2009/10,Mumbai Indians
419163,Chennai Super Kings,Deccan Chargers,Chennai Super Kings,bat,Dr DY Patil Sports Academy,2009/10,Chennai Super Kings
419164,Deccan Chargers,Royal Challengers Bangalore,Deccan Chargers,bat,Dr DY Patil Sports Academy,2009/10,Royal Challengers Bangalore
419165,Chennai Super Kings,Mumbai Indians,Chennai Super Kings,bat,Dr DY Patil Sports Academy,2009/10,Chennai Super Kings
501198,Chennai Super Kings,Kolkata Knight Riders,Chennai Super Kings,bat,"MA Chidambaram Stadium, Chepauk",2011,Chennai Super Kings
501199,Deccan Chargers,Rajasthan Royals,Rajasthan Royals,field,"Rajiv Gandhi International Stadium, Uppal",2011,Rajasthan Royals
501200,Kochi Tuskers Kerala,Royal Challengers Bangalore,Kochi Tuskers Kerala,bat,Nehru Stadium,2011,Royal Challengers Bangalore
501201,Delhi Daredevils,Mumbai Indians,Delhi Daredevils,bat,Feroz Shah Kotla,2011,Mumbai Indians
501202,Kings XI Punjab,Pune Warriors,Kings XI Punjab,bat,Dr DY Patil Sports Academy,2011,Pune Warriors
501203,Kolkata Knight Riders,Deccan Chargers,Kolkata Knight Riders,bat,Eden Gardens,2011,Kolkata Knight Riders
501204,Delhi Daredevils,Rajasthan Royals,Delhi Daredevils,bat,Sawai Mansingh Stadium,2011,Rajasthan Royals
501205,Royal Challengers Bangalore,Mumbai Indians,Mumbai Indians,field,M Chinnaswamy Stadium,2011,Mumbai Indians
501206,Chennai Super Kings,Kings XI Punjab,Kings XI Punjab,field,"Punjab Cricket Association Stadium, Mohali",2011,Kings XI Punjab
501207,Kochi Tuskers Kerala,Pune Warriors,Kochi Tuskers Kerala,bat,Dr DY Patil Sports Academy,2011,Pune Warriors
501208,Deccan Chargers,Royal Challengers Bangalore,Royal Challengers Bangalore,field,"Rajiv Gandhi International Stadium, Uppal",2011,Deccan Chargers
501209,Rajasthan Royals,Kolkata Knight Riders,Kolkata Knight Riders,field,Sawai Mansingh Stadium,2011,Kolkata Knight Riders
501210,Mumbai Indians,Kochi Tuskers Kerala,Kochi Tuskers Kerala,field,Wankhede Stadium,2011,Kochi Tuskers Kerala
501211,Chennai Super Kings,Royal Challengers Bangalore,Chennai Super Kings,bat,"MA Chidambaram Stadium, Chepauk",2011,Chennai Super Kings
501212,Deccan Chargers,Kings XI Punjab,Kings XI Punjab,field,"Rajiv Gandhi International Stadium, Uppal",2011,Kings XI Punjab
501213,Pune Warriors,Delhi Daredevils,Delhi Daredevils,field,Dr DY Patil Sports Academy,2011,Delhi Daredevils
501214,Rajasthan Royals,Kolkata Knight Riders,Kolkata Knight Riders,field,Eden Gardens,2011,Kolkata Knight Riders
501215,Chennai Super Kings,Kochi Tuskers Kerala,Kochi Tuskers Kerala,field,Nehru Stadium,2011,Kochi Tuskers Kerala
501216,Deccan Chargers,Delhi Daredevils,Deccan Chargers,bat,Feroz Shah Kotla,2011,Deccan Chargers
501218,Pune Warriors,Mumbai Indians,Pune Warriors,bat,Wankhede Stadium,2011,Mumbai Indians
501219,Kochi Tuskers Kerala,Kolkata Knight Riders,Kolkata Knight Riders,field,Eden Gardens,2011,Kochi Tuskers Kerala
501220,Kings XI Punjab,Rajasthan Royals,Rajasthan Royals,field,"Punjab Cricket Association Stadium, Mohali",2011,Kings XI Punjab
501221,Mumbai Indians,Chennai Super Kings,Chennai Super Kings,field,Wankhede Stadium,2011,Mumbai Indians
501222,Kolkata Knight Riders,Royal Challengers Bangalore,Royal Challengers Bangalore,field,Eden Gardens,2011,Royal Challengers Bangalore
501223,Delhi Daredevils,Kings XI Punjab,Kings XI Punjab,field,Feroz Shah Kotla,2011,Delhi Daredevils
501224,Mumbai Indians,Deccan Chargers,Deccan Chargers,field,"Rajiv Gandhi International Stadium, Uppal",2011,Mumbai Indians
501225,Kochi Tuskers Kerala,Rajasthan Royals,Rajasthan Royals,field,Sawai Mansingh Stadium,2011,Rajasthan Royals
501226,Chennai Super Kings,Pune Warriors,Pune Warriors,field,"MA Chidambaram Stadium, Chepauk",2011,Chennai Super Kings
501227,Delhi Daredevils,Royal Challengers Bangalore,Royal Challengers Bangalore,field,Feroz Shah Kotla,2011,Royal Challengers Bangalore
501228,Pune Warriors,Chennai Super Kings,Pune Warriors,bat,Dr DY Patil Sports Academy,2011,Chennai Super Kings
501229,Deccan Chargers,Kochi Tuskers Kerala,Kochi Tuskers Kerala,field,Nehru Stadium,2011,Deccan Chargers
501230,Kolkata Knight Riders,Delhi Daredevils,Delhi Daredevils,field,Feroz Shah Kotla,2011,Kolkata Knight Riders
501231,Mumbai Indians,Rajasthan Royals,Rajasthan Royals,field,Sawai Mansingh Stadium,2011,Rajasthan Royals
501232,Royal Challengers Bangalore,Pune Warriors,Pune Warriors,field,M Chinnaswamy Stadium,2011,Royal Challengers Bangalore
501233,Delhi Daredevils,Kochi Tuskers Kerala,Delhi Daredevils,bat,Nehru Stadium,2011,Delhi Daredevils
501234,Kings XI Punjab,Kolkata Knight Riders,Kolkata Knight Riders,field,Eden Gardens,2011,Kolkata Knight Riders
501235,Pune Warriors,Rajasthan Royals,Rajasthan Royals,field,Sawai Mansingh Stadium,2011,Rajasthan Royals
501236,Chennai Super Kings,Deccan Chargers,Chennai Super Kings,bat,"MA Chidambaram Stadium, Chepauk",2011,Chennai Super Kings
501237,Mumbai Indians,Kings XI Punjab,Kings XI Punjab,field,Wankhede Stadium,2011,Mumbai Indians
501238,Delhi Daredevils,Kochi Tuskers Kerala,Kochi Tuskers Kerala,field,Feroz Shah Kotla,2011,Kochi Tuskers Kerala
501239,Kolkata Knight Riders,Deccan Chargers,Deccan Chargers,field,"Rajiv Gandhi International Stadium, Uppal",2011,Kolkata Knight Riders
501240,Rajasthan Royals,Chennai Super Kings,Rajasthan Royals,bat,"MA Chidambaram Stadium, Chepauk",2011,Chennai Super Kings
501241,Mumbai Indians,Pune Warriors,Pune Warriors,field,Dr DY Patil Sports Academy,2011,Mumbai Indians
501242,Kochi Tuskers Kerala,Kolkata Knight Riders,Kolkata Knight Riders,field,Nehru Stadium,2011,Kochi Tuskers Kerala
501243,Deccan Chargers,Delhi Daredevils,Delhi Daredevils,field,"Rajiv Gandhi International Stadium, Uppal",2011,Delhi Daredevils
501244,Royal Challengers Bangalore,Kings XI Punjab,Kings XI Punjab,field,M Chinnaswamy Stadium,2011,Royal Challengers Bangalore
501245,Chennai Super Kings,Kolkata Knight Riders,Chennai Super Kings,bat,Eden Gardens,2011,Kolkata Knight Riders
501246,Mumbai Indians,Delhi Daredevils,Delhi Daredevils,field,Wankhede Stadium,2011,Mumbai Indians
501247,Kochi Tuskers Kerala,Royal Challengers Bangalore,Kochi Tuskers Kerala,bat,M Chinnaswamy Stadium,2011,Royal Challengers Bangalore
501248,Kings XI Punjab,Pune Warriors,Kings XI Punjab,bat,"Punjab Cricket Association Stadium, Mohali",2011,Pune Warriors
501249,Chennai Super Kings,Rajasthan Royals,Rajasthan Royals,field,Sawai Mansingh Stadium,2011,Chennai Super Kings
501250,Deccan Chargers,Pune Warriors,Deccan Chargers,bat,"Rajiv Gandhi International Stadium, Uppal",2011,Pune Warriors
501251,Kings XI Punjab,Mumbai Indians,Mumbai Indians,field,"Punjab Cricket Association Stadium, Mohali",2011,Kings XI Punjab
501252,Rajasthan Royals,Royal Challengers Bangalore,Royal Challengers Bangalore,field,Sawai Mansingh Stadium,2011,Royal Challengers Bangalore
501253,Chennai Super Kings,Delhi Daredevils,Chennai Super Kings,bat,"MA Chidambaram Stadium, Chepauk",2011,Chennai Super Kings
501254,Kochi Tuskers Kerala,Kings XI Punjab,Kings XI Punjab,field,Holkar Cricket Stadium,2011,Kings XI Punjab
501255,Kolkata Knight Riders,Royal Challengers Bangalore,Royal Challengers Bangalore,field,M Chinnaswamy Stadium,2011,Royal Challengers Bangalore
501256,Deccan Chargers,Mumbai Indians,Deccan Chargers,bat,Wankhede Stadium,2011,Deccan Chargers
501257,Kings XI Punjab,Delhi Daredevils,Delhi Daredevils,field,Himachal Pradesh Cricket Association Stadium,2011,Kings XI Punjab
501258,Rajasthan Royals,Kochi Tuskers Kerala,Kochi Tuskers Kerala,field,Holkar Cricket Stadium,2011,Kochi Tuskers Kerala
501259,Pune Warriors,Deccan Chargers,Deccan Chargers,field,Dr DY Patil Sports Academy,2011,Deccan Chargers
501260,Kings XI Punjab,Royal Challengers Bangalore,Kings XI Punjab,bat,Himachal Pradesh Cricket Association Stadium,2011,Kings XI Punjab
501261,Chennai Super Kings,Kochi Tuskers Kerala,Chennai Super Kings,bat,"MA Chidambaram Stadium, Chepauk",2011,Chennai Super Kings
501262,Pune Warriors,Kolkata Knight Riders,Kolkata Knight Riders,field,Dr DY Patil Sports Academy,2011,Kolkata Knight Riders
501263,Mumbai Indians,Rajasthan Royals,Mumbai Indians,bat,Wankhede Stadium,2011,Rajasthan Royals
501264,Deccan Chargers,Kings XI Punjab,Kings XI Punjab,field,Himachal Pradesh Cricket Association Stadium,2011,Deccan Chargers
501265,Delhi Daredevils,Pune Warriors,Delhi Daredevils,bat,Feroz Shah Kotla,2011,Unknown
501266,Chennai Super Kings,Royal Challengers Bangalore,Royal Challengers Bangalore,field,M Chinnaswamy Stadium,2011,Royal Challengers Bangalore
501267,Kolkata Knight Riders,Mumbai Indians,Mumbai Indians,field,Eden Gardens,2011,Mumbai Indians
501268,Royal Challengers Bangalore,Chennai Super Kings,Chennai Super Kings,field,Wankhede Stadium,2011,Chennai Super Kings
501269,Kolkata Knight Riders,Mumbai Indians,Mumbai Indians,field,Wankhede Stadium,2011,Mumbai Indians
501270,Royal Challengers Bangalore,Mumbai Indians,Mumbai Indians,field,"MA Chidambaram Stadium, Chepauk",2011,Royal Challengers Bangalore
501271,Chennai Super Kings,Royal Challengers Bangalore,Chennai Super Kings,bat,"MA Chidambaram Stadium, Chepauk",2011,Chennai Super Kings
548306,Chennai Super Kings,Mumbai Indians,Mumbai Indians,field,"MA Chidambaram Stadium, Chepauk",2012,Mumbai Indians
548307,Kolkata Knight Riders,Delhi Daredevils,Delhi Daredevils,field,Eden Gardens,2012,Delhi Daredevils
548308,Pune Warriors,Mumbai Indians,Mumbai Indians,field,Wankhede Stadium,2012,Pune Warriors
548309,Rajasthan Royals,Kings XI Punjab,Kings XI Punjab,field,Sawai Mansingh Stadium,2012,Rajasthan Royals
548310,Royal Challengers Bangalore,Delhi Daredevils,Delhi Daredevils,field,M Chinnaswamy Stadium,2012,Royal Challengers Bangalore
548311,Chennai Super Kings,Deccan Chargers,Deccan Chargers,field,Dr. Y.S. Rajasekhara Reddy ACA-VDCA Cricket Stadium,2012,Chennai Super Kings
548312,Rajasthan Royals,Kolkata Knight Riders,Kolkata Knight Riders,field,Sawai Mansingh Stadium,2012,Rajasthan Royals
548313,Pune Warriors,Kings XI Punjab,Pune Warriors,bat,Subrata Roy Sahara Stadium,2012,Pune Warriors
548314,Deccan Chargers,Mumbai Indians,Deccan Chargers,bat,Dr. Y.S. Rajasekhara Reddy ACA-VDCA Cricket Stadium,2012,Mumbai Indians
548315,Kolkata Knight Riders,Royal Challengers Bangalore,Royal Challengers Bangalore,field,M Chinnaswamy Stadium,2012,Kolkata Knight Riders
548316,Chennai Super Kings,Delhi Daredevils,Delhi Daredevils,field,Feroz Shah Kotla,2012,Delhi Daredevils
548317,Mumbai Indians,Rajasthan Royals,Rajasthan Royals,field,Wankhede Stadium,2012,Mumbai Indians
548318,Royal Challengers Bangalore,Chennai Super Kings,Royal Challengers Bangalore,bat,"MA Chidambaram Stadium, Chepauk",2012,Chennai Super Kings
548319,Pune Warriors,Kings XI Punjab,Kings XI Punjab,field,"Punjab Cricket Association Stadium, Mohali",2012,Kings XI Punjab
548320,Rajasthan Royals,Kolkata Knight Riders,Rajasthan Royals,bat,Eden Gardens,2012,Kolkata Knight Riders
548322,Chennai Super Kings,Pune Warriors,Chennai Super Kings,bat,Subrata Roy Sahara Stadium,2012,Pune Warriors
548323,Kings XI Punjab,Kolkata Knight Riders,Kolkata Knight Riders,field,Eden Gardens,2012,Kings XI Punjab
548324,Rajasthan Royals,Royal Challengers Bangalore,Rajasthan Royals,bat,M Chinnaswamy Stadium,2012,Rajasthan Royals
548325,Mumbai Indians,Delhi Daredevils,Delhi Daredevils,field,Wankhede Stadium,2012,Delhi Daredevils
548326,Deccan Chargers,Rajasthan Royals,Deccan Chargers,bat,Sawai Mansingh Stadium,2012,Rajasthan Royals
548327,Pune Warriors,Royal Challengers Bangalore,Pune Warriors,bat,M Chinnaswamy Stadium,2012,Royal Challengers Bangalore
548328,Kings XI Punjab,Kolkata Knight Riders,Kings XI Punjab,bat,"Punjab Cricket Association Stadium, Mohali",2012,Kolkata Knight Riders
548321,Deccan Chargers,Delhi Daredevils,Deccan Chargers,bat,Feroz Shah Kotla,2012,Delhi Daredevils
548330,Chennai Super Kings,Pune Warriors,Pune Warriors,field,"MA Chidambaram Stadium, Chepauk",2012,Chennai Super Kings
548331,Kings XI Punjab,Royal Challengers Bangalore,Royal Challengers Bangalore,field,"Punjab Cricket Association Stadium, Mohali",2012,Royal Challengers Bangalore
548332,Rajasthan Royals,Chennai Super Kings,Rajasthan Royals,bat,"MA Chidambaram Stadium, Chepauk",2012,Chennai Super Kings
548333,Pune Warriors,Delhi Daredevils,Delhi Daredevils,field,Feroz Shah Kotla,2012,Pune Warriors
548334,Mumbai Indians,Kings XI Punjab,Mumbai Indians,bat,Wankhede Stadium,2012,Kings XI Punjab
548335,Deccan Chargers,Kolkata Knight Riders,Kolkata Knight Riders,field,Barabati Stadium,2012,Kolkata Knight Riders
548336,Royal Challengers Bangalore,Rajasthan Royals,Rajasthan Royals,field,Sawai Mansingh Stadium,2012,Royal Challengers Bangalore
548337,Pune Warriors,Delhi Daredevils,Pune Warriors,bat,Subrata Roy Sahara Stadium,2012,Delhi Daredevils
548339,Kings XI Punjab,Mumbai Indians,Kings XI Punjab,bat,"Punjab Cricket Association Stadium, Mohali",2012,Mumbai Indians
548341,Deccan Chargers,Pune Warriors,Deccan Chargers,bat,Subrata Roy Sahara Stadium,2012,Deccan Chargers
548342,Delhi Daredevils,Mumbai Indians,Mumbai Indians,field,Feroz Shah Kotla,2012,Delhi Daredevils
548343,Kings XI Punjab,Chennai Super Kings,Kings XI Punjab,bat,"MA Chidambaram Stadium, Chepauk",2012,Kings XI Punjab
548344,Kolkata Knight Riders,Royal Challengers Bangalore,Kolkata Knight Riders,bat,Eden Gardens,2012,Kolkata Knight Riders
548345,Delhi Daredevils,Rajasthan Royals,Delhi Daredevils,bat,Feroz Shah Kotla,2012,Delhi Daredevils
548346,Deccan Chargers,Mumbai Indians,Mumbai Indians,field,Wankhede Stadium,2012,Mumbai Indians
548347,Chennai Super Kings,Kolkata Knight Riders,Chennai Super Kings,bat,"MA Chidambaram Stadium, Chepauk",2012,Kolkata Knight Riders
548348,Deccan Chargers,Pune Warriors,Deccan Chargers,bat,Barabati Stadium,2012,Deccan Chargers
548349,Rajasthan Royals,Delhi Daredevils,Rajasthan Royals,bat,Sawai Mansingh Stadium,2012,Delhi Daredevils
548350,Royal Challengers Bangalore,Kings XI Punjab,Kings XI Punjab,field,M Chinnaswamy Stadium,2012,Kings XI Punjab
548351,Mumbai Indians,Pune Warriors,Mumbai Indians,bat,Subrata Roy Sahara Stadium,2012,Mumbai Indians
548352,Chennai Super Kings,Deccan Chargers,Chennai Super Kings,bat,"MA Chidambaram Stadium, Chepauk",2012,Chennai Super Kings
548353,Kolkata Knight Riders,Pune Warriors,Kolkata Knight Riders,bat,Eden Gardens,2012,Kolkata Knight Riders
548354,Rajasthan Royals,Kings XI Punjab,Rajasthan Royals,bat,"Punjab Cricket Association Stadium, Mohali",2012,Rajasthan Royals
548355,Chennai Super Kings,Mumbai Indians,Mumbai Indians,field,Wankhede Stadium,2012,Mumbai Indians
548356,Deccan Chargers,Royal Challengers Bangalore,Royal Challengers Bangalore,field,M Chinnaswamy Stadium,2012,Royal Challengers Bangalore
548357,Delhi Daredevils,Kolkata Knight Riders,Delhi Daredevils,bat,Feroz Shah Kotla,2012,Kolkata Knight Riders
548358,Pune Warriors,Rajasthan Royals,Pune Warriors,bat,Subrata Roy Sahara Stadium,2012,Rajasthan Royals
548359,Kings XI Punjab,Deccan Chargers,Deccan Chargers,field,"Rajiv Gandhi International Stadium, Uppal",2012,Kings XI Punjab
548360,Mumbai Indians,Royal Challengers Bangalore,Royal Challengers Bangalore,field,Wankhede Stadium,2012,Royal Challengers Bangalore
548329,Deccan Chargers,Delhi Daredevils,Deccan Chargers,bat,"Rajiv Gandhi International Stadium, Uppal",2012,Delhi Daredevils
548361,Rajasthan Royals,Chennai Super Kings,Chennai Super Kings,field,Sawai Mansingh Stadium,2012,Chennai Super Kings
548362,Royal Challengers Bangalore,Pune Warriors,Pune Warriors,field,Subrata Roy Sahara Stadium,2012,Royal Challengers Bangalore
548363,Mumbai Indians,Kolkata Knight Riders,Mumbai Indians,bat,Eden Gardens,2012,Mumbai Indians
548364,Delhi Daredevils,Chennai Super Kings,Chennai Super Kings,field,"MA Chidambaram Stadium, Chepauk",2012,Chennai Super Kings
548365,Rajasthan Royals,Pune Warriors,Rajasthan Royals,bat,Sawai Mansingh Stadium,2012,Rajasthan Royals
548366,Deccan Chargers,Kings XI Punjab,Deccan Chargers,bat,"Punjab Cricket Association Stadium, Mohali",2012,Kings XI Punjab
548367,Royal Challengers Bangalore,Mumbai Indians,Mumbai Indians,field,M Chinnaswamy Stadium,2012,Mumbai Indians
548368,Kolkata Knight Riders,Chennai Super Kings,Chennai Super Kings,field,Eden Gardens,2012,Chennai Super Kings
548369,Kings XI Punjab,Delhi Daredevils,Kings XI Punjab,bat,Feroz Shah Kotla,2012,Delhi Daredevils
548370,Kolkata Knight Riders,Mumbai Indians,Mumbai Indians,field,Wankhede Stadium,2012,Kolkata Knight Riders
548371,Chennai Super Kings,Kings XI Punjab,Kings XI Punjab,field,Himachal Pradesh Cricket Association Stadium,2012,Kings XI Punjab
548372,Royal Challengers Bangalore,Delhi Daredevils,Delhi Daredevils,field,Feroz Shah Kotla,2012,Royal Challengers Bangalore
548373,Rajasthan Royals,Deccan Chargers,Rajasthan Royals,bat,"Rajiv Gandhi International Stadium, Uppal",2012,Deccan Chargers
548374,Kings XI Punjab,Delhi Daredevils,Delhi Daredevils,field,Himachal Pradesh Cricket Association Stadium,2012,Delhi Daredevils
548375,Kolkata Knight Riders,Pune Warriors,Kolkata Knight Riders,bat,Subrata Roy Sahara Stadium,2012,Kolkata Knight Riders
548376,Deccan Chargers,Royal Challengers Bangalore,Royal Challengers Bangalore,field,"Rajiv Gandhi International Stadium, Uppal",2012,Deccan Chargers
548377,Rajasthan Royals,Mumbai Indians,Rajasthan Royals,bat,Sawai Mansingh Stadium,2012,Mumbai Indians
548378,Kolkata Knight Riders,Delhi Daredevils,Kolkata Knight Riders,bat,Subrata Roy Sahara Stadium,2012,Kolkata Knight Riders
548379,Chennai Super Kings,Mumbai Indians,Mumbai Indians,field,M Chinnaswamy Stadium,2012,Chennai Super Kings
548380,Chennai Super Kings,Delhi Daredevils,Delhi Daredevils,field,"MA Chidambaram Stadium, Chepauk",2012,Chennai Super Kings
548381,Chennai Super Kings,Kolkata Knight Riders,Chennai Super Kings,bat,"MA Chidambaram Stadium, Chepauk",2012,Kolkata Knight Riders
597998,Delhi Daredevils,Kolkata Knight Riders,Kolkata Knight Riders,field,Eden Gardens,2013,Kolkata Knight Riders
597999,Royal Challengers Bangalore,Mumbai Indians,Mumbai Indians,field,M Chinnaswamy Stadium,2013,Royal Challengers Bangalore
598000,Sunrisers Hyderabad,Pune Warriors,Pune Warriors,field,"Rajiv Gandhi International Stadium, Uppal",2013,Sunrisers Hyderabad
598001,Rajasthan Royals,Delhi Daredevils,Rajasthan Royals,bat,Feroz Shah Kotla,2013,Rajasthan Royals
598002,Mumbai Indians,Chennai Super Kings,Mumbai Indians,bat,"MA Chidambaram Stadium, Chepauk",2013,Mumbai Indians
598003,Pune Warriors,Kings XI Punjab,Pune Warriors,bat,Subrata Roy Sahara Stadium,2013,Kings XI Punjab
598004,Royal Challengers Bangalore,Sunrisers Hyderabad,Royal Challengers Bangalore,bat,"Rajiv Gandhi International Stadium, Uppal",2013,Unknown
598005,Rajasthan Royals,Kolkata Knight Riders,Kolkata Knight Riders,field,Sawai Mansingh Stadium,2013,Rajasthan Royals
598006,Mumbai Indians,Delhi Daredevils,Mumbai Indians,bat,Wankhede Stadium,2013,Mumbai Indians
598048,Sunrisers Hyderabad,Royal Challengers Bangalore,Sunrisers Hyderabad,bat,M Chinnaswamy Stadium,2013,Royal Challengers Bangalore
598007,Kings XI Punjab,Chennai Super Kings,Chennai Super Kings,field,"Punjab Cricket Association Stadium, Mohali",2013,Chennai Super Kings
598008,Kolkata Knight Riders,Royal Challengers Bangalore,Royal Challengers Bangalore,field,M Chinnaswamy Stadium,2013,Royal Challengers Bangalore
598009,Rajasthan Royals,Pune Warriors,Rajasthan Royals,bat,Subrata Roy Sahara Stadium,2013,Pune Warriors
598010,Delhi Daredevils,Sunrisers Hyderabad,Delhi Daredevils,bat,Feroz Shah Kotla,2013,Sunrisers Hyderabad
598011,Mumbai Indians,Pune Warriors,Mumbai Indians,bat,Wankhede Stadium,2013,Mumbai Indians
598012,Royal Challengers Bangalore,Chennai Super Kings,Chennai Super Kings,field,"MA Chidambaram Stadium, Chepauk",2013,Chennai Super Kings
598013,Kolkata Knight Riders,Sunrisers Hyderabad,Kolkata Knight Riders,bat,Eden Gardens,2013,Kolkata Knight Riders
598014,Kings XI Punjab,Rajasthan Royals,Rajasthan Royals,field,Sawai Mansingh Stadium,2013,Rajasthan Royals
598015,Pune Warriors,Chennai Super Kings,Pune Warriors,bat,"MA Chidambaram Stadium, Chepauk",2013,Pune Warriors
598016,Kings XI Punjab,Kolkata Knight Riders,Kolkata Knight Riders,field,"Punjab Cricket Association Stadium, Mohali",2013,Kings XI Punjab
598017,Delhi Daredevils,Royal Challengers Bangalore,Royal Challengers Bangalore,field,M Chinnaswamy Stadium,2013,Unknown
598018,Sunrisers Hyderabad,Pune Warriors,Pune Warriors,field,Maharashtra Cricket Association Stadium,2013,Sunrisers Hyderabad
598019,Rajasthan Royals,Mumbai Indians,Rajasthan Royals,bat,Sawai Mansingh Stadium,2013,Rajasthan Royals
598020,Chennai Super Kings,Delhi Daredevils,Chennai Super Kings,bat,Feroz Shah Kotla,2013,Chennai Super Kings
598021,Kings XI Punjab,Sunrisers Hyderabad,Kings XI Punjab,bat,"Rajiv Gandhi International Stadium, Uppal",2013,Sunrisers Hyderabad
598022,Kolkata Knight Riders,Chennai Super Kings,Kolkata Knight Riders,bat,Eden Gardens,2013,Chennai Super Kings
598023,Rajasthan Royals,Royal Challengers Bangalore,Royal Challengers Bangalore,field,M Chinnaswamy Stadium,2013,Royal Challengers Bangalore
598024,Mumbai Indians,Delhi Daredevils,Mumbai Indians,bat,Feroz Shah Kotla,2013,Delhi Daredevils
598025,Pune Warriors,Kings XI Punjab,Kings XI Punjab,field,"Punjab Cricket Association Stadium, Mohali",2013,Kings XI Punjab
598026,Rajasthan Royals,Chennai Super Kings,Rajasthan Royals,bat,"MA Chidambaram Stadium, Chepauk",2013,Chennai Super Kings
598027,Royal Challengers Bangalore,Pune Warriors,Pune Warriors,field,M Chinnaswamy Stadium,2013,Royal Challengers Bangalore
598059,Delhi Daredevils,Kings XI Punjab,Kings XI Punjab,field,Feroz Shah Kotla,2013,Kings XI Punjab
598029,Kolkata Knight Riders,Mumbai Indians,Kolkata Knight Riders,bat,Eden Gardens,2013,Mumbai Indians
598030,Sunrisers Hyderabad,Chennai Super Kings,Sunrisers Hyderabad,bat,"MA Chidambaram Stadium, Chepauk",2013,Chennai Super Kings
598031,Kings XI Punjab,Kolkata Knight Riders,Kings XI Punjab,bat,Eden Gardens,2013,Kolkata Knight Riders
598032,Sunrisers Hyderabad,Rajasthan Royals,Sunrisers Hyderabad,bat,Sawai Mansingh Stadium,2013,Rajasthan Royals
598033,Mumbai Indians,Royal Challengers Bangalore,Mumbai Indians,bat,Wankhede Stadium,2013,Mumbai Indians
598034,Chennai Super Kings,Kolkata Knight Riders,Kolkata Knight Riders,field,"MA Chidambaram Stadium, Chepauk",2013,Chennai Super Kings
598035,Delhi Daredevils,Pune Warriors,Pune Warriors,field,Shaheed Veer Narayan Singh International Stadium,2013,Delhi Daredevils
598036,Royal Challengers Bangalore,Rajasthan Royals,Rajasthan Royals,field,Sawai Mansingh Stadium,2013,Rajasthan Royals
598037,Mumbai Indians,Kings XI Punjab,Mumbai Indians,bat,Wankhede Stadium,2013,Mumbai Indians
598038,Chennai Super Kings,Pune Warriors,Chennai Super Kings,bat,Subrata Roy Sahara Stadium,2013,Chennai Super Kings
598039,Mumbai Indians,Sunrisers Hyderabad,Mumbai Indians,bat,"Rajiv Gandhi International Stadium, Uppal",2013,Sunrisers Hyderabad
598040,Kolkata Knight Riders,Delhi Daredevils,Kolkata Knight Riders,bat,Shaheed Veer Narayan Singh International Stadium,2013,Delhi Daredevils
598041,Chennai Super Kings,Kings XI Punjab,Chennai Super Kings,bat,"MA Chidambaram Stadium, Chepauk",2013,Chennai Super Kings
598042,Royal Challengers Bangalore,Pune Warriors,Royal Challengers Bangalore,bat,Subrata Roy Sahara Stadium,2013,Royal Challengers Bangalore
598043,Rajasthan Royals,Kolkata Knight Riders,Rajasthan Royals,bat,Eden Gardens,2013,Kolkata Knight Riders
598044,Delhi Daredevils,Sunrisers Hyderabad,Delhi Daredevils,bat,"Rajiv Gandhi International Stadium, Uppal",2013,Sunrisers Hyderabad
598046,Mumbai Indians,Chennai Super Kings,Mumbai Indians,bat,Wankhede Stadium,2013,Mumbai Indians
598047,Pune Warriors,Rajasthan Royals,Pune Warriors,bat,Sawai Mansingh Stadium,2013,Rajasthan Royals
598064,Royal Challengers Bangalore,Kings XI Punjab,Kings XI Punjab,field,"Punjab Cricket Association Stadium, Mohali",2013,Kings XI Punjab
598049,Delhi Daredevils,Rajasthan Royals,Delhi Daredevils,bat,Sawai Mansingh Stadium,2013,Rajasthan Royals
598050,Mumbai Indians,Kolkata Knight Riders,Mumbai Indians,bat,Wankhede Stadium,2013,Mumbai Indians
598051,Chennai Super Kings,Sunrisers Hyderabad,Sunrisers Hyderabad,field,"Rajiv Gandhi International Stadium, Uppal",2013,Chennai Super Kings
598052,Kings XI Punjab,Rajasthan Royals,Rajasthan Royals,field,"Punjab Cricket Association Stadium, Mohali",2013,Rajasthan Royals
598053,Kolkata Knight Riders,Pune Warriors,Kolkata Knight Riders,bat,Subrata Roy Sahara Stadium,2013,Kolkata Knight Riders
598054,Royal Challengers Bangalore,Delhi Daredevils,Delhi Daredevils,field,Feroz Shah Kotla,2013,Royal Challengers Bangalore
598055,Pune Warriors,Mumbai Indians,Pune Warriors,bat,Subrata Roy Sahara Stadium,2013,Mumbai Indians
598056,Sunrisers Hyderabad,Kings XI Punjab,Kings XI Punjab,field,"Punjab Cricket Association Stadium, Mohali",2013,Sunrisers Hyderabad
598057,Royal Challengers Bangalore,Kolkata Knight Riders,Kolkata Knight Riders,field,JSCA International Stadium Complex,2013,Kolkata Knight Riders
598058,Chennai Super Kings,Rajasthan Royals,Rajasthan Royals,field,Sawai Mansingh Stadium,2013,Rajasthan Royals
598060,Sunrisers Hyderabad,Mumbai Indians,Sunrisers Hyderabad,bat,Wankhede Stadium,2013,Mumbai Indians
598045,Royal Challengers Bangalore,Kings XI Punjab,Kings XI Punjab,field,M Chinnaswamy Stadium,2013,Kings XI Punjab
598062,Chennai Super Kings,Delhi Daredevils,Chennai Super Kings,bat,"MA Chidambaram Stadium, Chepauk",2013,Chennai Super Kings
598061,Pune Warriors,Kolkata Knight Riders,Kolkata Knight Riders,field,JSCA International Stadium Complex,2013,Pune Warriors
598063,Mumbai Indians,Rajasthan Royals,Rajasthan Royals,field,Wankhede Stadium,2013,Mumbai Indians
598028,Kings XI Punjab,Delhi Daredevils,Delhi Daredevils,field,Himachal Pradesh Cricket Association Stadium,2013,Kings XI Punjab
598065,Sunrisers Hyderabad,Rajasthan Royals,Sunrisers Hyderabad,bat,"Rajiv Gandhi International Stadium, Uppal",2013,Sunrisers Hyderabad
598066,Kings XI Punjab,Mumbai Indians,Mumbai Indians,field,Himachal Pradesh Cricket Association Stadium,2013,Kings XI Punjab
598068,Royal Challengers Bangalore,Chennai Super Kings,Chennai Super Kings,field,M Chinnaswamy Stadium,2013,Royal Challengers Bangalore
598067,Pune Warriors,Delhi Daredevils,Pune Warriors,bat,Subrata Roy Sahara Stadium,2013,Pune Warriors
598069,Kolkata Knight Riders,Sunrisers Hyderabad,Kolkata Knight Riders,bat,"Rajiv Gandhi International Stadium, Uppal",2013,Sunrisers Hyderabad
598070,Chennai Super Kings,Mumbai Indians,Chennai Super Kings,bat,Feroz Shah Kotla,2013,Chennai Super Kings
598071,Sunrisers Hyderabad,Rajasthan Royals,Sunrisers Hyderabad,bat,Feroz Shah Kotla,2013,Rajasthan Royals
598072,Rajasthan Royals,Mumbai Indians,Rajasthan Royals,bat,Eden Gardens,2013,Mumbai Indians
598073,Mumbai Indians,Chennai Super Kings,Mumbai Indians,bat,Eden Gardens,2013,Mumbai Indians
729279,Kolkata Knight Riders,Mumbai Indians,Kolkata Knight Riders,bat,Sheikh Zayed Stadium,2014,Kolkata Knight Riders
729281,Delhi Daredevils,Royal Challengers Bangalore,Royal Challengers Bangalore,field,Sharjah Cricket Stadium,2014,Royal Challengers Bangalore
729283,Chennai Super Kings,Kings XI Punjab,Chennai Super Kings,bat,Sheikh Zayed Stadium,2014,Kings XI Punjab
729285,Sunrisers Hyderabad,Rajasthan Royals,Rajasthan Royals,field,Sheikh Zayed Stadium,2014,Rajasthan Royals
729287,Mumbai Indians,Royal Challengers Bangalore,Royal Challengers Bangalore,field,Dubai International Cricket Stadium,2014,Royal Challengers Bangalore
729289,Kolkata Knight Riders,Delhi Daredevils,Kolkata Knight Riders,bat,Dubai International Cricket Stadium,2014,Delhi Daredevils
729291,Rajasthan Royals,Kings XI Punjab,Kings XI Punjab,field,Sharjah Cricket Stadium,2014,Kings XI Punjab
729293,Chennai Super Kings,Delhi Daredevils,Chennai Super Kings,bat,Sheikh Zayed Stadium,2014,Chennai Super Kings
729295,Kings XI Punjab,Sunrisers Hyderabad,Sunrisers Hyderabad,field,Sharjah Cricket Stadium,2014,Kings XI Punjab
729297,Chennai Super Kings,Rajasthan Royals,Rajasthan Royals,field,Dubai International Cricket Stadium,2014,Chennai Super Kings
729299,Kolkata Knight Riders,Royal Challengers Bangalore,Royal Challengers Bangalore,field,Sharjah Cricket Stadium,2014,Kolkata Knight Riders
729301,Sunrisers Hyderabad,Delhi Daredevils,Sunrisers Hyderabad,bat,Dubai International Cricket Stadium,2014,Sunrisers Hyderabad
729303,Mumbai Indians,Chennai Super Kings,Mumbai Indians,bat,Dubai International Cricket Stadium,2014,Chennai Super Kings
729305,Royal Challengers Bangalore,Rajasthan Royals,Rajasthan Royals,field,Sheikh Zayed Stadium,2014,Rajasthan Royals
729307,Kings XI Punjab,Kolkata Knight Riders,Kolkata Knight Riders,field,Sheikh Zayed Stadium,2014,Kings XI Punjab
729309,Mumbai Indians,Delhi Daredevils,Mumbai Indians,bat,Sharjah Cricket Stadium,2014,Delhi Daredevils
729311,Sunrisers Hyderabad,Chennai Super Kings,Sunrisers Hyderabad,bat,Sharjah Cricket Stadium,2014,Chennai Super Kings
729313,Royal Challengers Bangalore,Kings XI Punjab,Kings XI Punjab,field,Dubai International Cricket Stadium,2014,Kings XI Punjab
729315,Rajasthan Royals,Kolkata Knight Riders,Rajasthan Royals,bat,Sheikh Zayed Stadium,2014,Unknown
729317,Sunrisers Hyderabad,Mumbai Indians,Mumbai Indians,field,Dubai International Cricket Stadium,2014,Sunrisers Hyderabad
733971,Chennai Super Kings,Kolkata Knight Riders,Chennai Super Kings,bat,JSCA International Stadium Complex,2014,Chennai Super Kings
733973,Kings XI Punjab,Mumbai Indians,Kings XI Punjab,bat,Wankhede Stadium,2014,Mumbai Indians
733975,Delhi Daredevils,Rajasthan Royals,Rajasthan Royals,field,Feroz Shah Kotla,2014,Rajasthan Royals
733977,Sunrisers Hyderabad,Royal Challengers Bangalore,Royal Challengers Bangalore,field,M Chinnaswamy Stadium,2014,Royal Challengers Bangalore
733979,Rajasthan Royals,Kolkata Knight Riders,Kolkata Knight Riders,field,"Sardar Patel Stadium, Motera",2014,Rajasthan Royals
733981,Delhi Daredevils,Chennai Super Kings,Chennai Super Kings,field,Feroz Shah Kotla,2014,Chennai Super Kings
733983,Mumbai Indians,Royal Challengers Bangalore,Royal Challengers Bangalore,field,Wankhede Stadium,2014,Mumbai Indians
733985,Delhi Daredevils,Kolkata Knight Riders,Delhi Daredevils,bat,Feroz Shah Kotla,2014,Kolkata Knight Riders
733987,Kings XI Punjab,Chennai Super Kings,Chennai Super Kings,field,Barabati Stadium,2014,Kings XI Punjab
733989,Sunrisers Hyderabad,Rajasthan Royals,Rajasthan Royals,field,"Sardar Patel Stadium, Motera",2014,Sunrisers Hyderabad
733991,Kings XI Punjab,Royal Challengers Bangalore,Royal Challengers Bangalore,field,M Chinnaswamy Stadium,2014,Kings XI Punjab
733993,Delhi Daredevils,Sunrisers Hyderabad,Sunrisers Hyderabad,field,Feroz Shah Kotla,2014,Sunrisers Hyderabad
733995,Mumbai Indians,Chennai Super Kings,Chennai Super Kings,field,Wankhede Stadium,2014,Chennai Super Kings
733997,Kings XI Punjab,Kolkata Knight Riders,Kolkata Knight Riders,field,Barabati Stadium,2014,Kolkata Knight Riders
733999,Royal Challengers Bangalore,Rajasthan Royals,Royal Challengers Bangalore,bat,M Chinnaswamy Stadium,2014,Rajasthan Royals
734001,Sunrisers Hyderabad,Mumbai Indians,Sunrisers Hyderabad,bat,"Rajiv Gandhi International Stadium, Uppal",2014,Mumbai Indians
734003,Rajasthan Royals,Chennai Super Kings,Rajasthan Royals,bat,JSCA International Stadium Complex,2014,Chennai Super Kings
734005,Royal Challengers Bangalore,Delhi Daredevils,Delhi Daredevils,field,M Chinnaswamy Stadium,2014,Royal Challengers Bangalore
734007,Sunrisers Hyderabad,Kings XI Punjab,Kings XI Punjab,field,"Rajiv Gandhi International Stadium, Uppal",2014,Kings XI Punjab
734009,Mumbai Indians,Kolkata Knight Riders,Kolkata Knight Riders,field,Barabati Stadium,2014,Kolkata Knight Riders
734011,Rajasthan Royals,Delhi Daredevils,Delhi Daredevils,field,"Sardar Patel Stadium, Motera",2014,Rajasthan Royals
734013,Chennai Super Kings,Royal Challengers Bangalore,Chennai Super Kings,bat,JSCA International Stadium Complex,2014,Royal Challengers Bangalore
734015,Sunrisers Hyderabad,Kolkata Knight Riders,Sunrisers Hyderabad,bat,"Rajiv Gandhi International Stadium, Uppal",2014,Kolkata Knight Riders
734017,Mumbai Indians,Rajasthan Royals,Mumbai Indians,bat,"Sardar Patel Stadium, Motera",2014,Mumbai Indians
734019,Delhi Daredevils,Kings XI Punjab,Kings XI Punjab,field,Feroz Shah Kotla,2014,Kings XI Punjab
734021,Royal Challengers Bangalore,Sunrisers Hyderabad,Royal Challengers Bangalore,bat,"Rajiv Gandhi International Stadium, Uppal",2014,Sunrisers Hyderabad
734023,Chennai Super Kings,Kolkata Knight Riders,Kolkata Knight Riders,field,Eden Gardens,2014,Kolkata Knight Riders
734025,Kings XI Punjab,Mumbai Indians,Mumbai Indians,field,"Punjab Cricket Association Stadium, Mohali",2014,Mumbai Indians
734027,Kolkata Knight Riders,Royal Challengers Bangalore,Royal Challengers Bangalore,field,Eden Gardens,2014,Kolkata Knight Riders
734029,Chennai Super Kings,Sunrisers Hyderabad,Sunrisers Hyderabad,field,JSCA International Stadium Complex,2014,Sunrisers Hyderabad
734031,Mumbai Indians,Delhi Daredevils,Delhi Daredevils,field,Wankhede Stadium,2014,Mumbai Indians
734033,Kings XI Punjab,Rajasthan Royals,Rajasthan Royals,field,"Punjab Cricket Association Stadium, Mohali",2014,Kings XI Punjab
734035,Royal Challengers Bangalore,Chennai Super Kings,Chennai Super Kings,field,M Chinnaswamy Stadium,2014,Chennai Super Kings
734037,Sunrisers Hyderabad,Kolkata Knight Riders,Kolkata Knight Riders,field,Eden Gardens,2014,Kolkata Knight Riders
734039,Delhi Daredevils,Kings XI Punjab,Kings XI Punjab,field,"Punjab Cricket Association Stadium, Mohali",2014,Kings XI Punjab
734041,Rajasthan Royals,Mumbai Indians,Mumbai Indians,field,Wankhede Stadium,2014,Mumbai Indians
734043,Kolkata Knight Riders,Kings XI Punjab,Kings XI Punjab,field,Eden Gardens,2014,Kolkata Knight Riders
734045,Mumbai Indians,Chennai Super Kings,Chennai Super Kings,field,Brabourne Stadium,2014,Chennai Super Kings
734047,Kings XI Punjab,Chennai Super Kings,Chennai Super Kings,field,Wankhede Stadium,2014,Kings XI Punjab
734049,Kings XI Punjab,Kolkata Knight Riders,Kolkata Knight Riders,field,M Chinnaswamy Stadium,2014,Kolkata Knight Riders
829705,Mumbai Indians,Kolkata Knight Riders,Kolkata Knight Riders,field,Eden Gardens,2015,Kolkata Knight Riders
829707,Chennai Super Kings,Delhi Daredevils,Delhi Daredevils,field,"MA Chidambaram Stadium, Chepauk",2015,Chennai Super Kings
829709,Rajasthan Royals,Kings XI Punjab,Kings XI Punjab,field,Maharashtra Cricket Association Stadium,2015,Rajasthan Royals
829711,Chennai Super Kings,Sunrisers Hyderabad,Chennai Super Kings,bat,"MA Chidambaram Stadium, Chepauk",2015,Chennai Super Kings
829713,Kolkata Knight Riders,Royal Challengers Bangalore,Royal Challengers Bangalore,field,Eden Gardens,2015,Royal Challengers Bangalore
829715,Delhi Daredevils,Rajasthan Royals,Rajasthan Royals,field,Feroz Shah Kotla,2015,Rajasthan Royals
829717,Kings XI Punjab,Mumbai Indians,Mumbai Indians,field,Wankhede Stadium,2015,Kings XI Punjab
829719,Royal Challengers Bangalore,Sunrisers Hyderabad,Sunrisers Hyderabad,field,M Chinnaswamy Stadium,2015,Sunrisers Hyderabad
829721,Mumbai Indians,Rajasthan Royals,Mumbai Indians,bat,"Sardar Patel Stadium, Motera",2015,Rajasthan Royals
829725,Kings XI Punjab,Delhi Daredevils,Kings XI Punjab,bat,Maharashtra Cricket Association Stadium,2015,Delhi Daredevils
829727,Sunrisers Hyderabad,Rajasthan Royals,Rajasthan Royals,field,Dr. Y.S. Rajasekhara Reddy ACA-VDCA Cricket Stadium,2015,Rajasthan Royals
829729,Mumbai Indians,Chennai Super Kings,Mumbai Indians,bat,Wankhede Stadium,2015,Chennai Super Kings
829731,Delhi Daredevils,Sunrisers Hyderabad,Delhi Daredevils,bat,Dr. Y.S. Rajasekhara Reddy ACA-VDCA Cricket Stadium,2015,Delhi Daredevils
829733,Kings XI Punjab,Kolkata Knight Riders,Kolkata Knight Riders,field,Maharashtra Cricket Association Stadium,2015,Kolkata Knight Riders
829735,Chennai Super Kings,Rajasthan Royals,Chennai Super Kings,bat,"Sardar Patel Stadium, Motera",2015,Rajasthan Royals
829737,Mumbai Indians,Royal Challengers Bangalore,Royal Challengers Bangalore,field,M Chinnaswamy Stadium,2015,Mumbai Indians
829739,Delhi Daredevils,Kolkata Knight Riders,Kolkata Knight Riders,field,Feroz Shah Kotla,2015,Kolkata Knight Riders
829741,Rajasthan Royals,Kings XI Punjab,Kings XI Punjab,field,"Sardar Patel Stadium, Motera",2015,Unknown
829743,Sunrisers Hyderabad,Kolkata Knight Riders,Kolkata Knight Riders,field,Dr. Y.S. Rajasekhara Reddy ACA-VDCA Cricket Stadium,2015,Sunrisers Hyderabad
829745,Chennai Super Kings,Royal Challengers Bangalore,Royal Challengers Bangalore,field,M Chinnaswamy Stadium,2015,Chennai Super Kings
829747,Delhi Daredevils,Mumbai Indians,Mumbai Indians,field,Feroz Shah Kotla,2015,Delhi Daredevils
829749,Rajasthan Royals,Royal Challengers Bangalore,Royal Challengers Bangalore,field,"Sardar Patel Stadium, Motera",2015,Royal Challengers Bangalore
829751,Mumbai Indians,Sunrisers Hyderabad,Mumbai Indians,bat,Wankhede Stadium,2015,Mumbai Indians
829753,Chennai Super Kings,Kings XI Punjab,Chennai Super Kings,bat,"MA Chidambaram Stadium, Chepauk",2015,Chennai Super Kings
829757,Delhi Daredevils,Royal Challengers Bangalore,Royal Challengers Bangalore,field,Feroz Shah Kotla,2015,Royal Challengers Bangalore
829759,Sunrisers Hyderabad,Kings XI Punjab,Kings XI Punjab,field,"Punjab Cricket Association Stadium, Mohali",2015,Sunrisers Hyderabad
829765,Chennai Super Kings,Kolkata Knight Riders,Kolkata Knight Riders,field,"MA Chidambaram Stadium, Chepauk",2015,Chennai Super Kings
829763,Royal Challengers Bangalore,Rajasthan Royals,Rajasthan Royals,field,M Chinnaswamy Stadium,2015,Unknown
829723,Chennai Super Kings,Kolkata Knight Riders,Kolkata Knight Riders,field,Eden Gardens,2015,Kolkata Knight Riders
829767,Kings XI Punjab,Delhi Daredevils,Delhi Daredevils,field,Feroz Shah Kotla,2015,Delhi Daredevils
829769,Mumbai Indians,Rajasthan Royals,Rajasthan Royals,field,Wankhede Stadium,2015,Mumbai Indians
829771,Kolkata Knight Riders,Royal Challengers Bangalore,Royal Challengers Bangalore,field,M Chinnaswamy Stadium,2015,Royal Challengers Bangalore
829773,Sunrisers Hyderabad,Chennai Super Kings,Chennai Super Kings,field,"Rajiv Gandhi International Stadium, Uppal",2015,Sunrisers Hyderabad
829775,Mumbai Indians,Kings XI Punjab,Mumbai Indians,bat,"Punjab Cricket Association Stadium, Mohali",2015,Mumbai Indians
829777,Rajasthan Royals,Delhi Daredevils,Delhi Daredevils,field,Brabourne Stadium,2015,Rajasthan Royals
829779,Chennai Super Kings,Royal Challengers Bangalore,Chennai Super Kings,bat,"MA Chidambaram Stadium, Chepauk",2015,Chennai Super Kings
829781,Kolkata Knight Riders,Sunrisers Hyderabad,Sunrisers Hyderabad,field,Eden Gardens,2015,Kolkata Knight Riders
829783,Delhi Daredevils,Mumbai Indians,Delhi Daredevils,bat,Wankhede Stadium,2015,Mumbai Indians
829785,Royal Challengers Bangalore,Kings XI Punjab,Kings XI Punjab,field,M Chinnaswamy Stadium,2015,Royal Challengers Bangalore
829761,Kolkata Knight Riders,Delhi Daredevils,Kolkata Knight Riders,bat,Eden Gardens,2015,Kolkata Knight Riders
829787,Sunrisers Hyderabad,Rajasthan Royals,Rajasthan Royals,field,Brabourne Stadium,2015,Sunrisers Hyderabad
829789,Chennai Super Kings,Mumbai Indians,Chennai Super Kings,bat,"MA Chidambaram Stadium, Chepauk",2015,Mumbai Indians
829791,Kings XI Punjab,Kolkata Knight Riders,Kings XI Punjab,bat,Eden Gardens,2015,Kolkata Knight Riders
829793,Sunrisers Hyderabad,Delhi Daredevils,Sunrisers Hyderabad,bat,Shaheed Veer Narayan Singh International Stadium,2015,Sunrisers Hyderabad
829795,Royal Challengers Bangalore,Mumbai Indians,Royal Challengers Bangalore,bat,Wankhede Stadium,2015,Royal Challengers Bangalore
829797,Chennai Super Kings,Rajasthan Royals,Chennai Super Kings,bat,"MA Chidambaram Stadium, Chepauk",2015,Chennai Super Kings
829799,Sunrisers Hyderabad,Kings XI Punjab,Sunrisers Hyderabad,bat,"Rajiv Gandhi International Stadium, Uppal",2015,Sunrisers Hyderabad
829801,Chennai Super Kings,Delhi Daredevils,Chennai Super Kings,bat,Shaheed Veer Narayan Singh International Stadium,2015,Delhi Daredevils
829803,Kings XI Punjab,Royal Challengers Bangalore,Royal Challengers Bangalore,field,"Punjab Cricket Association Stadium, Mohali",2015,Kings XI Punjab
829805,Mumbai Indians,Kolkata Knight Riders,Kolkata Knight Riders,field,Wankhede Stadium,2015,Mumbai Indians
829807,Sunrisers Hyderabad,Royal Challengers Bangalore,Sunrisers Hyderabad,bat,"Rajiv Gandhi International Stadium, Uppal",2015,Royal Challengers Bangalore
829809,Kings XI Punjab,Chennai Super Kings,Kings XI Punjab,bat,"Punjab Cricket Association Stadium, Mohali",2015,Chennai Super Kings
829811,Rajasthan Royals,Kolkata Knight Riders,Rajasthan Royals,bat,Brabourne Stadium,2015,Rajasthan Royals
829813,Delhi Daredevils,Royal Challengers Bangalore,Royal Challengers Bangalore,field,M Chinnaswamy Stadium,2015,Unknown
829815,Sunrisers Hyderabad,Mumbai Indians,Sunrisers Hyderabad,bat,"Rajiv Gandhi International Stadium, Uppal",2015,Mumbai Indians
829817,Mumbai Indians,Chennai Super Kings,Mumbai Indians,bat,Wankhede Stadium,2015,Mumbai Indians
829819,Royal Challengers Bangalore,Rajasthan Royals,Royal Challengers Bangalore,bat,Maharashtra Cricket Association Stadium,2015,Royal Challengers Bangalore
829821,Royal Challengers Bangalore,Chennai Super Kings,Chennai Super Kings,field,JSCA International Stadium Complex,2015,Chennai Super Kings
829823,Mumbai Indians,Chennai Super Kings,Chennai Super Kings,field,Eden Gardens,2015,Mumbai Indians
980901,Mumbai Indians,Rising Pune Supergiants,Mumbai Indians,bat,Wankhede Stadium,2016,Rising Pune Supergiants
980903,Delhi Daredevils,Kolkata Knight Riders,Kolkata Knight Riders,field,Eden Gardens,2016,Kolkata Knight Riders
980905,Kings XI Punjab,Gujarat Lions,Gujarat Lions,field,"Punjab Cricket Association IS Bindra Stadium, Mohali",2016,Gujarat Lions
980907,Royal Challengers Bangalore,Sunrisers Hyderabad,Sunrisers Hyderabad,field,M Chinnaswamy Stadium,2016,Royal Challengers Bangalore
980909,Kolkata Knight Riders,Mumbai Indians,Mumbai Indians,field,Eden Gardens,2016,Mumbai Indians
980911,Rising Pune Supergiants,Gujarat Lions,Rising Pune Supergiants,bat,Saurashtra Cricket Association Stadium,2016,Gujarat Lions
980913,Kings XI Punjab,Delhi Daredevils,Delhi Daredevils,field,Feroz Shah Kotla,2016,Delhi Daredevils
980915,Sunrisers Hyderabad,Kolkata Knight Riders,Sunrisers Hyderabad,bat,"Rajiv Gandhi International Stadium, Uppal",2016,Kolkata Knight Riders
980917,Mumbai Indians,Gujarat Lions,Gujarat Lions,field,Wankhede Stadium,2016,Gujarat Lions
980919,Rising Pune Supergiants,Kings XI Punjab,Rising Pune Supergiants,bat,"Punjab Cricket Association IS Bindra Stadium, Mohali",2016,Kings XI Punjab
980921,Royal Challengers Bangalore,Delhi Daredevils,Delhi Daredevils,field,M Chinnaswamy Stadium,2016,Delhi Daredevils
980923,Mumbai Indians,Sunrisers Hyderabad,Sunrisers Hyderabad,field,"Rajiv Gandhi International Stadium, Uppal",2016,Sunrisers Hyderabad
980925,Kings XI Punjab,Kolkata Knight Riders,Kolkata Knight Riders,field,"Punjab Cricket Association IS Bindra Stadium, Mohali",2016,Kolkata Knight Riders
980927,Royal Challengers Bangalore,Mumbai Indians,Mumbai Indians,field,Wankhede Stadium,2016,Mumbai Indians
980929,Gujarat Lions,Sunrisers Hyderabad,Sunrisers Hyderabad,field,Saurashtra Cricket Association Stadium,2016,Sunrisers Hyderabad
980931,Royal Challengers Bangalore,Rising Pune Supergiants,Rising Pune Supergiants,field,Maharashtra Cricket Association Stadium,2016,Royal Challengers Bangalore
980933,Delhi Daredevils,Mumbai Indians,Mumbai Indians,field,Feroz Shah Kotla,2016,Delhi Daredevils
980935,Kings XI Punjab,Sunrisers Hyderabad,Sunrisers Hyderabad,field,"Rajiv Gandhi International Stadium, Uppal",2016,Sunrisers Hyderabad
980937,Royal Challengers Bangalore,Gujarat Lions,Royal Challengers Bangalore,bat,Saurashtra Cricket Association Stadium,2016,Gujarat Lions
980939,Rising Pune Supergiants,Kolkata Knight Riders,Kolkata Knight Riders,field,Maharashtra Cricket Association Stadium,2016,Kolkata Knight Riders
980941,Mumbai Indians,Kings XI Punjab,Kings XI Punjab,field,"Punjab Cricket Association IS Bindra Stadium, Mohali",2016,Mumbai Indians
980943,Sunrisers Hyderabad,Rising Pune Supergiants,Rising Pune Supergiants,field,"Rajiv Gandhi International Stadium, Uppal",2016,Rising Pune Supergiants
980945,Gujarat Lions,Delhi Daredevils,Delhi Daredevils,field,Feroz Shah Kotla,2016,Gujarat Lions
980947,Kolkata Knight Riders,Mumbai Indians,Mumbai Indians,field,Wankhede Stadium,2016,Mumbai Indians
980949,Rising Pune Supergiants,Gujarat Lions,Gujarat Lions,field,Maharashtra Cricket Association Stadium,2016,Gujarat Lions
980951,Delhi Daredevils,Kolkata Knight Riders,Kolkata Knight Riders,field,Feroz Shah Kotla,2016,Delhi Daredevils
980953,Sunrisers Hyderabad,Royal Challengers Bangalore,Royal Challengers Bangalore,field,"Rajiv Gandhi International Stadium, Uppal",2016,Sunrisers Hyderabad
980955,Kings XI Punjab,Gujarat Lions,Gujarat Lions,field,Saurashtra Cricket Association Stadium,2016,Kings XI Punjab
980957,Rising Pune Supergiants,Mumbai Indians,Mumbai Indians,field,Maharashtra Cricket Association Stadium,2016,Mumbai Indians
980959,Royal Challengers Bangalore,Kolkata Knight Riders,Kolkata Knight Riders,field,M Chinnaswamy Stadium,2016,Kolkata Knight Riders
980961,Gujarat Lions,Delhi Daredevils,Delhi Daredevils,field,Saurashtra Cricket Association Stadium,2016,Delhi Daredevils
980963,Kolkata Knight Riders,Kings XI Punjab,Kings XI Punjab,field,Eden Gardens,2016,Kolkata Knight Riders
980965,Delhi Daredevils,Rising Pune Supergiants,Rising Pune Supergiants,field,Feroz Shah Kotla,2016,Rising Pune Supergiants
980967,Gujarat Lions,Sunrisers Hyderabad,Sunrisers Hyderabad,field,"Rajiv Gandhi International Stadium, Uppal",2016,Sunrisers Hyderabad
980969,Rising Pune Supergiants,Royal Challengers Bangalore,Royal Challengers Bangalore,field,M Chinnaswamy Stadium,2016,Royal Challengers Bangalore
980971,Kings XI Punjab,Delhi Daredevils,Delhi Daredevils,field,"Punjab Cricket Association IS Bindra Stadium, Mohali",2016,Kings XI Punjab
980973,Sunrisers Hyderabad,Mumbai Indians,Mumbai Indians,field,Dr. Y.S. Rajasekhara Reddy ACA-VDCA Cricket Stadium,2016,Sunrisers Hyderabad
980975,Kolkata Knight Riders,Gujarat Lions,Gujarat Lions,field,Eden Gardens,2016,Gujarat Lions
980977,Royal Challengers Bangalore,Kings XI Punjab,Kings XI Punjab,field,"Punjab Cricket Association IS Bindra Stadium, Mohali",2016,Royal Challengers Bangalore
980979,Sunrisers Hyderabad,Rising Pune Supergiants,Sunrisers Hyderabad,bat,Dr. Y.S. Rajasekhara Reddy ACA-VDCA Cricket Stadium,2016,Sunrisers Hyderabad
980981,Royal Challengers Bangalore,Mumbai Indians,Mumbai Indians,field,M Chinnaswamy Stadium,2016,Mumbai Indians
980983,Sunrisers Hyderabad,Delhi Daredevils,Delhi Daredevils,field,"Rajiv Gandhi International Stadium, Uppal",2016,Delhi Daredevils
980985,Mumbai Indians,Kings XI Punjab,Mumbai Indians,bat,Dr. Y.S. Rajasekhara Reddy ACA-VDCA Cricket Stadium,2016,Kings XI Punjab
980987,Royal Challengers Bangalore,Gujarat Lions,Gujarat Lions,field,M Chinnaswamy Stadium,2016,Royal Challengers Bangalore
980989,Rising Pune Supergiants,Kolkata Knight Riders,Rising Pune Supergiants,bat,Eden Gardens,2016,Kolkata Knight Riders
980991,Kings XI Punjab,Sunrisers Hyderabad,Kings XI Punjab,bat,"Punjab Cricket Association IS Bindra Stadium, Mohali",2016,Sunrisers Hyderabad
980993,Mumbai Indians,Delhi Daredevils,Delhi Daredevils,field,Dr. Y.S. Rajasekhara Reddy ACA-VDCA Cricket Stadium,2016,Mumbai Indians
980995,Kolkata Knight Riders,Royal Challengers Bangalore,Royal Challengers Bangalore,field,Eden Gardens,2016,Royal Challengers Bangalore
980997,Delhi Daredevils,Rising Pune Supergiants,Rising Pune Supergiants,field,Dr. Y.S. Rajasekhara Reddy ACA-VDCA Cricket Stadium,2016,Rising Pune Supergiants
980999,Royal Challengers Bangalore,Kings XI Punjab,Kings XI Punjab,field,M Chinnaswamy Stadium,2016,Royal Challengers Bangalore
981001,Kolkata Knight Riders,Gujarat Lions,Gujarat Lions,field,Green Park,2016,Gujarat Lions
981003,Sunrisers Hyderabad,Delhi Daredevils,Delhi Daredevils,field,Shaheed Veer Narayan Singh International Stadium,2016,Delhi Daredevils
981005,Kings XI Punjab,Rising Pune Supergiants,Kings XI Punjab,bat,Dr. Y.S. Rajasekhara Reddy ACA-VDCA Cricket Stadium,2016,Rising Pune Supergiants
981007,Mumbai Indians,Gujarat Lions,Gujarat Lions,field,Green Park,2016,Gujarat Lions
981009,Kolkata Knight Riders,Sunrisers Hyderabad,Sunrisers Hyderabad,field,Eden Gardens,2016,Kolkata Knight Riders
981011,Delhi Daredevils,Royal Challengers Bangalore,Royal Challengers Bangalore,field,Shaheed Veer Narayan Singh International Stadium,2016,Royal Challengers Bangalore
981013,Gujarat Lions,Royal Challengers Bangalore,Royal Challengers Bangalore,field,M Chinnaswamy Stadium,2016,Royal Challengers Bangalore
981015,Sunrisers Hyderabad,Kolkata Knight Riders,Kolkata Knight Riders,field,Feroz Shah Kotla,2016,Sunrisers Hyderabad
981017,Gujarat Lions,Sunrisers Hyderabad,Sunrisers Hyderabad,field,Feroz Shah Kotla,2016,Sunrisers Hyderabad
981019,Sunrisers Hyderabad,Royal Challengers Bangalore,Sunrisers Hyderabad,bat,M Chinnaswamy Stadium,2016,Sunrisers Hyderabad
1082591,Sunrisers Hyderabad,Royal Challengers Bangalore,Royal Challengers Bangalore,field,"Rajiv Gandhi International Stadium, Uppal",2017,Sunrisers Hyderabad
1082592,Mumbai Indians,Rising Pune Supergiant,Rising Pune Supergiant,field,Maharashtra Cricket Association Stadium,2017,Rising Pune Supergiant
1082593,Gujarat Lions,Kolkata Knight Riders,Kolkata Knight Riders,field,Saurashtra Cricket Association Stadium,2017,Kolkata Knight Riders
1082594,Rising Pune Supergiant,Kings XI Punjab,Kings XI Punjab,field,Holkar Cricket Stadium,2017,Kings XI Punjab
1082595,Royal Challengers Bangalore,Delhi Daredevils,Royal Challengers Bangalore,bat,M.Chinnaswamy Stadium,2017,Royal Challengers Bangalore
1082596,Gujarat Lions,Sunrisers Hyderabad,Sunrisers Hyderabad,field,"Rajiv Gandhi International Stadium, Uppal",2017,Sunrisers Hyderabad
1082597,Kolkata Knight Riders,Mumbai Indians,Mumbai Indians,field,Wankhede Stadium,2017,Mumbai Indians
1082598,Royal Challengers Bangalore,Kings XI Punjab,Royal Challengers Bangalore,bat,Holkar Cricket Stadium,2017,Kings XI Punjab
1082599,Delhi Daredevils,Rising Pune Supergiant,Rising Pune Supergiant,field,Maharashtra Cricket Association Stadium,2017,Delhi Daredevils
1082600,Sunrisers Hyderabad,Mumbai Indians,Mumbai Indians,field,Wankhede Stadium,2017,Mumbai Indians
1082601,Kings XI Punjab,Kolkata Knight Riders,Kolkata Knight Riders,field,Eden Gardens,2017,Kolkata Knight Riders
1082602,Royal Challengers Bangalore,Mumbai Indians,Mumbai Indians,field,M Chinnaswamy Stadium,2017,Mumbai Indians
1082603,Rising Pune Supergiant,Gujarat Lions,Gujarat Lions,field,Saurashtra Cricket Association Stadium,2017,Gujarat Lions
1082604,Kolkata Knight Riders,Sunrisers Hyderabad,Sunrisers Hyderabad,field,Eden Gardens,2017,Kolkata Knight Riders
1082605,Delhi Daredevils,Kings XI Punjab,Delhi Daredevils,bat,Feroz Shah Kotla,2017,Delhi Daredevils
1082606,Gujarat Lions,Mumbai Indians,Mumbai Indians,field,Wankhede Stadium,2017,Mumbai Indians
1082607,Rising Pune Supergiant,Royal Challengers Bangalore,Royal Challengers Bangalore,field,M Chinnaswamy Stadium,2017,Rising Pune Supergiant
1082608,Delhi Daredevils,Kolkata Knight Riders,Delhi Daredevils,bat,Feroz Shah Kotla,2017,Kolkata Knight Riders
1082609,Sunrisers Hyderabad,Kings XI Punjab,Kings XI Punjab,field,"Rajiv Gandhi International Stadium, Uppal",2017,Sunrisers Hyderabad
1082610,Royal Challengers Bangalore,Gujarat Lions,Gujarat Lions,field,Saurashtra Cricket Association Stadium,2017,Royal Challengers Bangalore
1082611,Sunrisers Hyderabad,Delhi Daredevils,Sunrisers Hyderabad,bat,"Rajiv Gandhi International Stadium, Uppal",2017,Sunrisers Hyderabad
1082612,Kings XI Punjab,Mumbai Indians,Mumbai Indians,field,Holkar Cricket Stadium,2017,Mumbai Indians
1082613,Kolkata Knight Riders,Gujarat Lions,Gujarat Lions,field,Eden Gardens,2017,Gujarat Lions
1082614,Mumbai Indians,Delhi Daredevils,Delhi Daredevils,field,Wankhede Stadium,2017,Mumbai Indians
1082615,Sunrisers Hyderabad,Rising Pune Supergiant,Rising Pune Supergiant,field,Maharashtra Cricket Association Stadium,2017,Rising Pune Supergiant
1082616,Kings XI Punjab,Gujarat Lions,Gujarat Lions,field,Saurashtra Cricket Association Stadium,2017,Kings XI Punjab
1082617,Kolkata Knight Riders,Royal Challengers Bangalore,Royal Challengers Bangalore,field,Eden Gardens,2017,Kolkata Knight Riders
1082618,Rising Pune Supergiant,Mumbai Indians,Mumbai Indians,field,Wankhede Stadium,2017,Rising Pune Supergiant
1082620,Rising Pune Supergiant,Kolkata Knight Riders,Kolkata Knight Riders,field,Maharashtra Cricket Association Stadium,2017,Kolkata Knight Riders
1082621,Royal Challengers Bangalore,Gujarat Lions,Gujarat Lions,field,M Chinnaswamy Stadium,2017,Gujarat Lions
1082622,Delhi Daredevils,Kolkata Knight Riders,Kolkata Knight Riders,field,Eden Gardens,2017,Kolkata Knight Riders
1082623,Sunrisers Hyderabad,Kings XI Punjab,Kings XI Punjab,field,"Punjab Cricket Association IS Bindra Stadium, Mohali",2017,Sunrisers Hyderabad
1082624,Rising Pune Supergiant,Royal Challengers Bangalore,Royal Challengers Bangalore,field,Maharashtra Cricket Association Stadium,2017,Rising Pune Supergiant
1082625,Gujarat Lions,Mumbai Indians,Gujarat Lions,bat,Saurashtra Cricket Association Stadium,2017,Unknown
1082626,Delhi Daredevils,Kings XI Punjab,Kings XI Punjab,field,"Punjab Cricket Association IS Bindra Stadium, Mohali",2017,Kings XI Punjab
1082627,Sunrisers Hyderabad,Kolkata Knight Riders,Kolkata Knight Riders,field,"Rajiv Gandhi International Stadium, Uppal",2017,Sunrisers Hyderabad
1082628,Royal Challengers Bangalore,Mumbai Indians,Royal Challengers Bangalore,bat,Wankhede Stadium,2017,Mumbai Indians
1082629,Gujarat Lions,Rising Pune Supergiant,Rising Pune Supergiant,field,Maharashtra Cricket Association Stadium,2017,Rising Pune Supergiant
1082630,Sunrisers Hyderabad,Delhi Daredevils,Delhi Daredevils,field,Feroz Shah Kotla,2017,Delhi Daredevils
1082631,Kolkata Knight Riders,Rising Pune Supergiant,Rising Pune Supergiant,field,Eden Gardens,2017,Rising Pune Supergiant
1082632,Gujarat Lions,Delhi Daredevils,Delhi Daredevils,field,Feroz Shah Kotla,2017,Delhi Daredevils
1082633,Kings XI Punjab,Royal Challengers Bangalore,Royal Challengers Bangalore,field,M Chinnaswamy Stadium,2017,Kings XI Punjab
1082634,Rising Pune Supergiant,Sunrisers Hyderabad,Sunrisers Hyderabad,field,"Rajiv Gandhi International Stadium, Uppal",2017,Rising Pune Supergiant
1082635,Mumbai Indians,Delhi Daredevils,Delhi Daredevils,field,Feroz Shah Kotla,2017,Mumbai Indians
1082636,Royal Challengers Bangalore,Kolkata Knight Riders,Kolkata Knight Riders,field,M Chinnaswamy Stadium,2017,Kolkata Knight Riders
1082637,Kings XI Punjab,Gujarat Lions,Gujarat Lions,field,"Punjab Cricket Association IS Bindra Stadium, Mohali",2017,Gujarat Lions
1082638,Mumbai Indians,Sunrisers Hyderabad,Mumbai Indians,bat,"Rajiv Gandhi International Stadium, Uppal",2017,Sunrisers Hyderabad
1082639,Kings XI Punjab,Kolkata Knight Riders,Kolkata Knight Riders,field,"Punjab Cricket Association IS Bindra Stadium, Mohali",2017,Kings XI Punjab
1082640,Gujarat Lions,Delhi Daredevils,Delhi Daredevils,field,Green Park,2017,Delhi Daredevils
1082641,Kings XI Punjab,Mumbai Indians,Mumbai Indians,field,Wankhede Stadium,2017,Kings XI Punjab
1082642,Delhi Daredevils,Rising Pune Supergiant,Delhi Daredevils,bat,Feroz Shah Kotla,2017,Delhi Daredevils
1082643,Gujarat Lions,Sunrisers Hyderabad,Sunrisers Hyderabad,field,Green Park,2017,Sunrisers Hyderabad
1082644,Mumbai Indians,Kolkata Knight Riders,Kolkata Knight Riders,field,Eden Gardens,2017,Mumbai Indians
1082645,Kings XI Punjab,Rising Pune Supergiant,Rising Pune Supergiant,field,Maharashtra Cricket Association Stadium,2017,Rising Pune Supergiant
1082646,Royal Challengers Bangalore,Delhi Daredevils,Royal Challengers Bangalore,bat,Feroz Shah Kotla,2017,Royal Challengers Bangalore
1082647,Rising Pune Supergiant,Mumbai Indians,Mumbai Indians,field,Wankhede Stadium,2017,Rising Pune Supergiant
1082648,Sunrisers Hyderabad,Kolkata Knight Riders,Kolkata Knight Riders,field,M Chinnaswamy Stadium,2017,Kolkata Knight Riders
1082649,Kolkata Knight Riders,Mumbai Indians,Mumbai Indians,field,M Chinnaswamy Stadium,2017,Mumbai Indians
1082650,Mumbai Indians,Rising Pune Supergiant,Mumbai Indians,bat,"Rajiv Gandhi International Stadium, Uppal",2017,Mumbai Indians
1136561,Mumbai Indians,Chennai Super Kings,Chennai Super Kings,field,Wankhede Stadium,2018,Chennai Super Kings
1136562,Delhi Daredevils,Kings XI Punjab,Kings XI Punjab,field,Punjab Cricket Association IS Bindra Stadium,2018,Kings XI Punjab
1136563,Royal Challengers Bangalore,Kolkata Knight Riders,Kolkata Knight Riders,field,Eden Gardens,2018,Kolkata Knight Riders
1136564,Rajasthan Royals,Sunrisers Hyderabad,Sunrisers Hyderabad,field,Rajiv Gandhi International Stadium,2018,Sunrisers Hyderabad
1136565,Kolkata Knight Riders,Chennai Super Kings,Chennai Super Kings,field,MA Chidambaram Stadium,2018,Chennai Super Kings
1136566,Rajasthan Royals,Delhi Daredevils,Delhi Daredevils,field,Sawai Mansingh Stadium,2018,Rajasthan Royals
1136567,Mumbai Indians,Sunrisers Hyderabad,Sunrisers Hyderabad,field,Rajiv Gandhi International Stadium,2018,Sunrisers Hyderabad
1136568,Kings XI Punjab,Royal Challengers Bangalore,Royal Challengers Bangalore,field,M.Chinnaswamy Stadium,2018,Royal Challengers Bangalore
1136569,Mumbai Indians,Delhi Daredevils,Delhi Daredevils,field,Wankhede Stadium,2018,Delhi Daredevils
1136570,Kolkata Knight Riders,Sunrisers Hyderabad,Sunrisers Hyderabad,field,Eden Gardens,2018,Sunrisers Hyderabad
1136571,Rajasthan Royals,Royal Challengers Bangalore,Royal Challengers Bangalore,field,M.Chinnaswamy Stadium,2018,Rajasthan Royals
1136572,Kings XI Punjab,Chennai Super Kings,Chennai Super Kings,field,Punjab Cricket Association IS Bindra Stadium,2018,Kings XI Punjab
1136573,Kolkata Knight Riders,Delhi Daredevils,Delhi Daredevils,field,Eden Gardens,2018,Kolkata Knight Riders
1136574,Mumbai Indians,Royal Challengers Bangalore,Royal Challengers Bangalore,field,Wankhede Stadium,2018,Mumbai Indians
1136575,Rajasthan Royals,Kolkata Knight Riders,Kolkata Knight Riders,field,Sawai Mansingh Stadium,2018,Kolkata Knight Riders
1136576,Kings XI Punjab,Sunrisers Hyderabad,Kings XI Punjab,bat,Punjab Cricket Association IS Bindra Stadium,2018,Kings XI Punjab
1136577,Chennai Super Kings,Rajasthan Royals,Rajasthan Royals,field,Maharashtra Cricket Association Stadium,2018,Chennai Super Kings
1136578,Kolkata Knight Riders,Kings XI Punjab,Kings XI Punjab,field,Eden Gardens,2018,Kings XI Punjab
1136579,Delhi Daredevils,Royal Challengers Bangalore,Royal Challengers Bangalore,field,M.Chinnaswamy Stadium,2018,Royal Challengers Bangalore
1136580,Chennai Super Kings,Sunrisers Hyderabad,Sunrisers Hyderabad,field,Rajiv Gandhi International Stadium,2018,Chennai Super Kings
1136581,Mumbai Indians,Rajasthan Royals,Mumbai Indians,bat,Sawai Mansingh Stadium,2018,Rajasthan Royals
1136582,Kings XI Punjab,Delhi Daredevils,Delhi Daredevils,field,Arun Jaitley Stadium,2018,Kings XI Punjab
1136583,Sunrisers Hyderabad,Mumbai Indians,Mumbai Indians,field,Wankhede Stadium,2018,Sunrisers Hyderabad
1136584,Royal Challengers Bangalore,Chennai Super Kings,Chennai Super Kings,field,M.Chinnaswamy Stadium,2018,Chennai Super Kings
1136585,Sunrisers Hyderabad,Kings XI Punjab,Kings XI Punjab,field,Rajiv Gandhi International Stadium,2018,Sunrisers Hyderabad
1136586,Delhi Daredevils,Kolkata Knight Riders,Kolkata Knight Riders,field,Arun Jaitley Stadium,2018,Delhi Daredevils
1136587,Chennai Super Kings,Mumbai Indians,Mumbai Indians,field,Maharashtra Cricket Association Stadium,2018,Mumbai Indians
1136588,Sunrisers Hyderabad,Rajasthan Royals,Sunrisers Hyderabad,bat,Sawai Mansingh Stadium,2018,Sunrisers Hyderabad
1136589,Royal Challengers Bangalore,Kolkata Knight Riders,Kolkata Knight Riders,field,M.Chinnaswamy Stadium,2018,Kolkata Knight Riders
1136590,Chennai Super Kings,Delhi Daredevils,Delhi Daredevils,field,Maharashtra Cricket Association Stadium,2018,Chennai Super Kings
1136591,Royal Challengers Bangalore,Mumbai Indians,Mumbai Indians,field,M.Chinnaswamy Stadium,2018,Royal Challengers Bangalore
1136592,Delhi Daredevils,Rajasthan Royals,Rajasthan Royals,field,Arun Jaitley Stadium,2018,Delhi Daredevils
1136593,Chennai Super Kings,Kolkata Knight Riders,Kolkata Knight Riders,field,Eden Gardens,2018,Kolkata Knight Riders
1136594,Kings XI Punjab,Mumbai Indians,Mumbai Indians,field,Holkar Cricket Stadium,2018,Mumbai Indians
1136595,Royal Challengers Bangalore,Chennai Super Kings,Chennai Super Kings,field,Maharashtra Cricket Association Stadium,2018,Chennai Super Kings
1136596,Delhi Daredevils,Sunrisers Hyderabad,Delhi Daredevils,bat,Rajiv Gandhi International Stadium,2018,Sunrisers Hyderabad
1136597,Mumbai Indians,Kolkata Knight Riders,Kolkata Knight Riders,field,Wankhede Stadium,2018,Mumbai Indians
1136598,Rajasthan Royals,Kings XI Punjab,Kings XI Punjab,field,Holkar Cricket Stadium,2018,Kings XI Punjab
1136599,Sunrisers Hyderabad,Royal Challengers Bangalore,Royal Challengers Bangalore,field,Rajiv Gandhi International Stadium,2018,Sunrisers Hyderabad
1136600,Rajasthan Royals,Kings XI Punjab,Rajasthan Royals,bat,Sawai Mansingh Stadium,2018,Rajasthan Royals
1136601,Mumbai Indians,Kolkata Knight Riders,Kolkata Knight Riders,field,Eden Gardens,2018,Mumbai Indians
1136602,Delhi Daredevils,Sunrisers Hyderabad,Delhi Daredevils,bat,Arun Jaitley Stadium,2018,Sunrisers Hyderabad
1136603,Chennai Super Kings,Rajasthan Royals,Chennai Super Kings,bat,Sawai Mansingh Stadium,2018,Rajasthan Royals
1136604,Kolkata Knight Riders,Kings XI Punjab,Kings XI Punjab,field,Holkar Cricket Stadium,2018,Kolkata Knight Riders
1136605,Delhi Daredevils,Royal Challengers Bangalore,Royal Challengers Bangalore,field,Arun Jaitley Stadium,2018,Royal Challengers Bangalore
1136606,Sunrisers Hyderabad,Chennai Super Kings,Chennai Super Kings,field,Maharashtra Cricket Association Stadium,2018,Chennai Super Kings
1136607,Mumbai Indians,Rajasthan Royals,Rajasthan Royals,field,Wankhede Stadium,2018,Rajasthan Royals
1136608,Kings XI Punjab,Royal Challengers Bangalore,Royal Challengers Bangalore,field,Holkar Cricket Stadium,2018,Royal Challengers Bangalore
1136609,Rajasthan Royals,Kolkata Knight Riders,Kolkata Knight Riders,field,Eden Gardens,2018,Kolkata Knight Riders
1136610,Mumbai Indians,Kings XI Punjab,Kings XI Punjab,field,Wankhede Stadium,2018,Mumbai Indians
1136611,Royal Challengers Bangalore,Sunrisers Hyderabad,Sunrisers Hyderabad,field,M.Chinnaswamy Stadium,2018,Royal Challengers Bangalore
1136612,Delhi Daredevils,Chennai Super Kings,Chennai Super Kings,field,Arun Jaitley Stadium,2018,Delhi Daredevils
1136613,Rajasthan Royals,Royal Challengers Bangalore,Rajasthan Royals,bat,Sawai Mansingh Stadium,2018,Rajasthan Royals
1136614,Sunrisers Hyderabad,Kolkata Knight Riders,Sunrisers Hyderabad,bat,Rajiv Gandhi International Stadium,2018,Kolkata Knight Riders
1136615,Delhi Daredevils,Mumbai Indians,Delhi Daredevils,bat,Arun Jaitley Stadium,2018,Delhi Daredevils
1136616,Kings XI Punjab,Chennai Super Kings,Chennai Super Kings,field,Maharashtra Cricket Association Stadium,2018,Chennai Super Kings
1136617,Sunrisers Hyderabad,Chennai Super Kings,Chennai Super Kings,field,Wankhede Stadium,2018,Chennai Super Kings
1136618,Kolkata Knight Riders,Rajasthan Royals,Rajasthan Royals,field,Eden Gardens,2018,Kolkata Knight Riders
1136619,Sunrisers Hyderabad,Kolkata Knight Riders,Kolkata Knight Riders,field,Eden Gardens,2018,Sunrisers Hyderabad
1136620,Sunrisers Hyderabad,Chennai Super Kings,Chennai Super Kings,field,Wankhede Stadium,2018,Chennai Super Kings
1175356,Royal Challengers Bangalore,Chennai Super Kings,Chennai Super Kings,field,MA Chidambaram Stadium,2019,Chennai Super Kings
1175357,Sunrisers Hyderabad,Kolkata Knight Riders,Kolkata Knight Riders,field,Eden Gardens,2019,Kolkata Knight Riders
1175358,Delhi Capitals,Mumbai Indians,Mumbai Indians,field,Wankhede Stadium,2019,Delhi Capitals
1175359,Kings XI Punjab,Rajasthan Royals,Rajasthan Royals,field,Sawai Mansingh Stadium,2019,Kings XI Punjab
1175360,Delhi Capitals,Chennai Super Kings,Delhi Capitals,bat,Arun Jaitley Stadium,2019,Chennai Super Kings
1175361,Kolkata Knight Riders,Kings XI Punjab,Kings XI Punjab,field,Eden Gardens,2019,Kolkata Knight Riders
1175362,Mumbai Indians,Royal Challengers Bangalore,Royal Challengers Bangalore,field,M.Chinnaswamy Stadium,2019,Mumbai Indians
1175363,Rajasthan Royals,Sunrisers Hyderabad,Rajasthan Royals,bat,Rajiv Gandhi International Stadium,2019,Sunrisers Hyderabad
1175364,Mumbai Indians,Kings XI Punjab,Kings XI Punjab,field,Punjab Cricket Association IS Bindra Stadium,2019,Kings XI Punjab
1175365,Kolkata Knight Riders,Delhi Capitals,Delhi Capitals,field,Arun Jaitley Stadium,2019,Unknown
1175366,Sunrisers Hyderabad,Royal Challengers Bangalore,Royal Challengers Bangalore,field,Rajiv Gandhi International Stadium,2019,Sunrisers Hyderabad
1175367,Chennai Super Kings,Rajasthan Royals,Rajasthan Royals,field,MA Chidambaram Stadium,2019,Chennai Super Kings
1175368,Kings XI Punjab,Delhi Capitals,Delhi Capitals,field,Punjab Cricket Association IS Bindra Stadium,2019,Kings XI Punjab
1175369,Royal Challengers Bangalore,Rajasthan Royals,Rajasthan Royals,field,Sawai Mansingh Stadium,2019,Rajasthan Royals
1175370,Mumbai Indians,Chennai Super Kings,Chennai Super Kings,field,Wankhede Stadium,2019,Mumbai Indians
1175371,Delhi Capitals,Sunrisers Hyderabad,Sunrisers Hyderabad,field,Arun Jaitley Stadium,2019,Sunrisers Hyderabad
1175372,Royal Challengers Bangalore,Kolkata Knight Riders,Kolkata Knight Riders,field,M.Chinnaswamy Stadium,2019,Kolkata Knight Riders
1178393,Chennai Super Kings,Kings XI Punjab,Chennai Super Kings,bat,MA Chidambaram Stadium,2019,Chennai Super Kings
1178394,Mumbai Indians,Sunrisers Hyderabad,Sunrisers Hyderabad,field,Rajiv Gandhi International Stadium,2019,Mumbai Indians
1178395,Royal Challengers Bangalore,Delhi Capitals,Delhi Capitals,field,M.Chinnaswamy Stadium,2019,Delhi Capitals
1178396,Rajasthan Royals,Kolkata Knight Riders,Kolkata Knight Riders,field,Sawai Mansingh Stadium,2019,Kolkata Knight Riders
1178397,Sunrisers Hyderabad,Kings XI Punjab,Kings XI Punjab,field,Punjab Cricket Association IS Bindra Stadium,2019,Kings XI Punjab
1178398,Kolkata Knight Riders,Chennai Super Kings,Chennai Super Kings,field,MA Chidambaram Stadium,2019,Chennai Super Kings
1178399,Kings XI Punjab,Mumbai Indians,Mumbai Indians,field,Wankhede Stadium,2019,Mumbai Indians
1178400,Rajasthan Royals,Chennai Super Kings,Chennai Super Kings,field,Sawai Mansingh Stadium,2019,Chennai Super Kings
1178401,Kolkata Knight Riders,Delhi Capitals,Delhi Capitals,field,Eden Gardens,2019,Delhi Capitals
1178402,Mumbai Indians,Rajasthan Royals,Rajasthan Royals,field,Wankhede Stadium,2019,Rajasthan Royals
1178403,Kings XI Punjab,Royal Challengers Bangalore,Royal Challengers Bangalore,field,Punjab Cricket Association IS Bindra Stadium,2019,Royal Challengers Bangalore
1178404,Kolkata Knight Riders,Chennai Super Kings,Chennai Super Kings,field,Eden Gardens,2019,Chennai Super Kings
1178405,Delhi Capitals,Sunrisers Hyderabad,Sunrisers Hyderabad,field,Rajiv Gandhi International Stadium,2019,Delhi Capitals
1178406,Royal Challengers Bangalore,Mumbai Indians,Mumbai Indians,field,Wankhede Stadium,2019,Mumbai Indians
1178407,Kings XI Punjab,Rajasthan Royals,Rajasthan Royals,field,Punjab Cricket Association IS Bindra Stadium,2019,Kings XI Punjab
1178408,Chennai Super Kings,Sunrisers Hyderabad,Chennai Super Kings,bat,Rajiv Gandhi International Stadium,2019,Sunrisers Hyderabad
1178409,Mumbai Indians,Delhi Capitals,Mumbai Indians,bat,Arun Jaitley Stadium,2019,Mumbai Indians
1178410,Royal Challengers Bangalore,Kolkata Knight Riders,Kolkata Knight Riders,field,Eden Gardens,2019,Royal Challengers Bangalore
1178411,Mumbai Indians,Rajasthan Royals,Rajasthan Royals,field,Sawai Mansingh Stadium,2019,Rajasthan Royals
1178412,Kings XI Punjab,Delhi Capitals,Delhi Capitals,field,Arun Jaitley Stadium,2019,Delhi Capitals
1178413,Kolkata Knight Riders,Sunrisers Hyderabad,Sunrisers Hyderabad,field,Rajiv Gandhi International Stadium,2019,Sunrisers Hyderabad
1178414,Royal Challengers Bangalore,Chennai Super Kings,Chennai Super Kings,field,M.Chinnaswamy Stadium,2019,Royal Challengers Bangalore
1178415,Rajasthan Royals,Delhi Capitals,Delhi Capitals,field,Sawai Mansingh Stadium,2019,Delhi Capitals
1178416,Sunrisers Hyderabad,Chennai Super Kings,Chennai Super Kings,field,MA Chidambaram Stadium,2019,Chennai Super Kings
1178417,Royal Challengers Bangalore,Kings XI Punjab,Kings XI Punjab,field,M.Chinnaswamy Stadium,2019,Royal Challengers Bangalore
1178418,Kolkata Knight Riders,Rajasthan Royals,Rajasthan Royals,field,Eden Gardens,2019,Rajasthan Royals
1178419,Mumbai Indians,Chennai Super Kings,Chennai Super Kings,field,MA Chidambaram Stadium,2019,Mumbai Indians
1178420,Sunrisers Hyderabad,Rajasthan Royals,Rajasthan Royals,field,Sawai Mansingh Stadium,2019,Rajasthan Royals
1178421,Delhi Capitals,Royal Challengers Bangalore,Delhi Capitals,bat,Arun Jaitley Stadium,2019,Delhi Capitals
1178422,Kolkata Knight Riders,Mumbai Indians,Mumbai Indians,field,Eden Gardens,2019,Kolkata Knight Riders
1178423,Sunrisers Hyderabad,Kings XI Punjab,Kings XI Punjab,field,Rajiv Gandhi International Stadium,2019,Sunrisers Hyderabad
1178424,Royal Challengers Bangalore,Rajasthan Royals,Rajasthan Royals,field,M.Chinnaswamy Stadium,2019,Unknown
1178425,Chennai Super Kings,Delhi Capitals,Delhi Capitals,field,MA Chidambaram Stadium,2019,Chennai Super Kings
1178426,Mumbai Indians,Sunrisers Hyderabad,Mumbai Indians,bat,Wankhede Stadium,2019,Unknown
1178427,Kings XI Punjab,Kolkata Knight Riders,Kolkata Knight Riders,field,Punjab Cricket Association IS Bindra Stadium,2019,Kolkata Knight Riders
1178428,Rajasthan Royals,Delhi Capitals,Rajasthan Royals,bat,Arun Jaitley Stadium,2019,Delhi Capitals
1178429,Sunrisers Hyderabad,Royal Challengers Bangalore,Royal Challengers Bangalore,field,M.Chinnaswamy Stadium,2019,Royal Challengers Bangalore
1178430,Chennai Super Kings,Kings XI Punjab,Kings XI Punjab,field,Punjab Cricket Association IS Bindra Stadium,2019,Kings XI Punjab
1178431,Kolkata Knight Riders,Mumbai Indians,Mumbai Indians,field,Wankhede Stadium,2019,Mumbai Indians
1181764,Chennai Super Kings,Mumbai Indians,Chennai Super Kings,bat,MA Chidambaram Stadium,2019,Mumbai Indians
1181766,Sunrisers Hyderabad,Delhi Capitals,Delhi Capitals,field,Dr. Y.S. Rajasekhara Reddy ACA-VDCA Cricket Stadium,2019,Delhi Capitals
1181767,Delhi Capitals,Chennai Super Kings,Chennai Super Kings,field,Dr. Y.S. Rajasekhara Reddy ACA-VDCA Cricket Stadium,2019,Chennai Super Kings
1181768,Mumbai Indians,Chennai Super Kings,Mumbai Indians,bat,Rajiv Gandhi International Stadium,2019,Mumbai Indians
1216492,Mumbai Indians,Chennai Super Kings,Chennai Super Kings,field,Sheikh Zayed Stadium,2020/21,Chennai Super Kings
1216493,Delhi Capitals,Kings XI Punjab,Kings XI Punjab,field,Dubai International Cricket Stadium,2020/21,Unknown
1216534,Royal Challengers Bangalore,Sunrisers Hyderabad,Sunrisers Hyderabad,field,Dubai International Cricket Stadium,2020/21,Royal Challengers Bangalore
1216496,Rajasthan Royals,Chennai Super Kings,Chennai Super Kings,field,Sharjah Cricket Stadium,2020/21,Rajasthan Royals
1216508,Mumbai Indians,Kolkata Knight Riders,Kolkata Knight Riders,field,Sheikh Zayed Stadium,2020/21,Mumbai Indians
1216510,Kings XI Punjab,Royal Challengers Bangalore,Royal Challengers Bangalore,field,Dubai International Cricket Stadium,2020/21,Kings XI Punjab
1216539,Delhi Capitals,Chennai Super Kings,Chennai Super Kings,field,Dubai International Cricket Stadium,2020/21,Delhi Capitals
1216545,Sunrisers Hyderabad,Kolkata Knight Riders,Sunrisers Hyderabad,bat,Sheikh Zayed Stadium,2020/21,Kolkata Knight Riders
1216527,Kings XI Punjab,Rajasthan Royals,Rajasthan Royals,field,Sharjah Cricket Stadium,2020/21,Rajasthan Royals
1216547,Royal Challengers Bangalore,Mumbai Indians,Mumbai Indians,field,Dubai International Cricket Stadium,2020/21,Unknown
1216532,Sunrisers Hyderabad,Delhi Capitals,Delhi Capitals,field,Sheikh Zayed Stadium,2020/21,Sunrisers Hyderabad
1216504,Kolkata Knight Riders,Rajasthan Royals,Rajasthan Royals,field,Dubai International Cricket Stadium,2020/21,Kolkata Knight Riders
1216503,Mumbai Indians,Kings XI Punjab,Kings XI Punjab,field,Sheikh Zayed Stadium,2020/21,Mumbai Indians
1216516,Sunrisers Hyderabad,Chennai Super Kings,Sunrisers Hyderabad,bat,Dubai International Cricket Stadium,2020/21,Sunrisers Hyderabad
1216514,Rajasthan Royals,Royal Challengers Bangalore,Rajasthan Royals,bat,Sheikh Zayed Stadium,2020/21,Royal Challengers Bangalore
1216515,Delhi Capitals,Kolkata Knight Riders,Kolkata Knight Riders,field,Sharjah Cricket Stadium,2020/21,Delhi Capitals
1216513,Kings XI Punjab,Chennai Super Kings,Kings XI Punjab,bat,Dubai International Cricket Stadium,2020/21,Chennai Super Kings
1216538,Mumbai Indians,Sunrisers Hyderabad,Mumbai Indians,bat,Sharjah Cricket Stadium,2020/21,Mumbai Indians
1216519,Delhi Capitals,Royal Challengers Bangalore,Royal Challengers Bangalore,field,Dubai International Cricket Stadium,2020/21,Delhi Capitals
1216511,Mumbai Indians,Rajasthan Royals,Mumbai Indians,bat,Sheikh Zayed Stadium,2020/21,Mumbai Indians
1216501,Kolkata Knight Riders,Chennai Super Kings,Kolkata Knight Riders,bat,Sheikh Zayed Stadium,2020/21,Kolkata Knight Riders
1216542,Sunrisers Hyderabad,Kings XI Punjab,Sunrisers Hyderabad,bat,Dubai International Cricket Stadium,2020/21,Sunrisers Hyderabad
1216500,Delhi Capitals,Rajasthan Royals,Rajasthan Royals,field,Sharjah Cricket Stadium,2020/21,Delhi Capitals
1216523,Kolkata Knight Riders,Kings XI Punjab,Kolkata Knight Riders,bat,Sheikh Zayed Stadium,2020/21,Kolkata Knight Riders
1216525,Royal Challengers Bangalore,Chennai Super Kings,Royal Challengers Bangalore,bat,Dubai International Cricket Stadium,2020/21,Royal Challengers Bangalore
1216507,Sunrisers Hyderabad,Rajasthan Royals,Sunrisers Hyderabad,bat,Dubai International Cricket Stadium,2020/21,Rajasthan Royals
1216529,Delhi Capitals,Mumbai Indians,Delhi Capitals,bat,Sheikh Zayed Stadium,2020/21,Mumbai Indians
1216540,Royal Challengers Bangalore,Kolkata Knight Riders,Royal Challengers Bangalore,bat,Sharjah Cricket Stadium,2020/21,Royal Challengers Bangalore
1216528,Chennai Super Kings,Sunrisers Hyderabad,Chennai Super Kings,bat,Dubai International Cricket Stadium,2020/21,Chennai Super Kings
1216543,Delhi Capitals,Rajasthan Royals,Delhi Capitals,bat,Dubai International Cricket Stadium,2020/21,Delhi Capitals
1216531,Royal Challengers Bangalore,Kings XI Punjab,Royal Challengers Bangalore,bat,Sharjah Cricket Stadium,2020/21,Kings XI Punjab
1216526,Kolkata Knight Riders,Mumbai Indians,Kolkata Knight Riders,bat,Sheikh Zayed Stadium,2020/21,Mumbai Indians
1216509,Chennai Super Kings,Delhi Capitals,Chennai Super Kings,bat,Sharjah Cricket Stadium,2020/21,Delhi Capitals
1216522,Rajasthan Royals,Royal Challengers Bangalore,Rajasthan Royals,bat,Dubai International Cricket Stadium,2020/21,Royal Challengers Bangalore
1216512,Kolkata Knight Riders,Sunrisers Hyderabad,Sunrisers Hyderabad,field,Sheikh Zayed Stadium,2020/21,Unknown
1216517,Mumbai Indians,Kings XI Punjab,Mumbai Indians,bat,Dubai International Cricket Stadium,2020/21,Unknown
1216533,Chennai Super Kings,Rajasthan Royals,Chennai Super Kings,bat,Sheikh Zayed Stadium,2020/21,Rajasthan Royals
1216546,Delhi Capitals,Kings XI Punjab,Delhi Capitals,bat,Dubai International Cricket Stadium,2020/21,Kings XI Punjab
1216494,Kolkata Knight Riders,Royal Challengers Bangalore,Kolkata Knight Riders,bat,Sheikh Zayed Stadium,2020/21,Royal Challengers Bangalore
1216518,Rajasthan Royals,Sunrisers Hyderabad,Sunrisers Hyderabad,field,Dubai International Cricket Stadium,2020/21,Sunrisers Hyderabad
1216521,Chennai Super Kings,Mumbai Indians,Mumbai Indians,field,Sharjah Cricket Stadium,2020/21,Mumbai Indians
1216497,Kolkata Knight Riders,Delhi Capitals,Delhi Capitals,field,Sheikh Zayed Stadium,2020/21,Kolkata Knight Riders
1216498,Kings XI Punjab,Sunrisers Hyderabad,Sunrisers Hyderabad,field,Dubai International Cricket Stadium,2020/21,Kings XI Punjab
1216541,Mumbai Indians,Rajasthan Royals,Mumbai Indians,bat,Sheikh Zayed Stadium,2020/21,Rajasthan Royals
1216544,Royal Challengers Bangalore,Chennai Super Kings,Royal Challengers Bangalore,bat,Dubai International Cricket Stadium,2020/21,Chennai Super Kings
1216520,Kolkata Knight Riders,Kings XI Punjab,Kings XI Punjab,field,Sharjah Cricket Stadium,2020/21,Kings XI Punjab
1216524,Sunrisers Hyderabad,Delhi Capitals,Delhi Capitals,field,Dubai International Cricket Stadium,2020/21,Sunrisers Hyderabad
1216499,Royal Challengers Bangalore,Mumbai Indians,Mumbai Indians,field,Sheikh Zayed Stadium,2020/21,Mumbai Indians
1216536,Kolkata Knight Riders,Chennai Super Kings,Chennai Super Kings,field,Dubai International Cricket Stadium,2020/21,Chennai Super Kings
1216537,Kings XI Punjab,Rajasthan Royals,Rajasthan Royals,field,Sheikh Zayed Stadium,2020/21,Rajasthan Royals
1216502,Royal Challengers Bangalore,Sunrisers Hyderabad,Sunrisers Hyderabad,field,Sharjah Cricket Stadium,2020/21,Sunrisers Hyderabad
1216535,Delhi Capitals,Mumbai Indians,Mumbai Indians,field,Dubai International Cricket Stadium,2020/21,Mumbai Indians
1216506,Kings XI Punjab,Chennai Super Kings,Chennai Super Kings,field,Sheikh Zayed Stadium,2020/21,Chennai Super Kings
1216530,Kolkata Knight Riders,Rajasthan Royals,Rajasthan Royals,field,Dubai International Cricket Stadium,2020/21,Kolkata Knight Riders
1216505,Royal Challengers Bangalore,Delhi Capitals,Delhi Capitals,field,Sheikh Zayed Stadium,2020/21,Delhi Capitals
1216495,Mumbai Indians,Sunrisers Hyderabad,Sunrisers Hyderabad,field,Sharjah Cricket Stadium,2020/21,Sunrisers Hyderabad
1237177,Mumbai Indians,Delhi Capitals,Delhi Capitals,field,Dubai International Cricket Stadium,2020/21,Mumbai Indians
1237178,Royal Challengers Bangalore,Sunrisers Hyderabad,Sunrisers Hyderabad,field,Sheikh Zayed Stadium,2020/21,Sunrisers Hyderabad
1237180,Delhi Capitals,Sunrisers Hyderabad,Delhi Capitals,bat,Sheikh Zayed Stadium,2020/21,Delhi Capitals
1237181,Delhi Capitals,Mumbai Indians,Delhi Capitals,bat,Dubai International Cricket Stadium,2020/21,Mumbai Indians
1254058,Mumbai Indians,Royal Challengers Bangalore,Royal Challengers Bangalore,field,"MA Chidambaram Stadium, Chepauk, Chennai",2021,Royal Challengers Bangalore
1254059,Chennai Super Kings,Delhi Capitals,Delhi Capitals,field,"Wankhede Stadium, Mumbai",2021,Delhi Capitals
1254060,Kolkata Knight Riders,Sunrisers Hyderabad,Sunrisers Hyderabad,field,"MA Chidambaram Stadium, Chepauk, Chennai",2021,Kolkata Knight Riders
1254061,Punjab Kings,Rajasthan Royals,Rajasthan Royals,field,"Wankhede Stadium, Mumbai",2021,Punjab Kings
1254062,Mumbai Indians,Kolkata Knight Riders,Kolkata Knight Riders,field,"MA Chidambaram Stadium, Chepauk, Chennai",2021,Mumbai Indians
1254063,Royal Challengers Bangalore,Sunrisers Hyderabad,Sunrisers Hyderabad,field,"MA Chidambaram Stadium, Chepauk, Chennai",2021,Royal Challengers Bangalore
1254064,Delhi Capitals,Rajasthan Royals,Rajasthan Royals,field,"Wankhede Stadium, Mumbai",2021,Rajasthan Royals
1254065,Punjab Kings,Chennai Super Kings,Chennai Super Kings,field,"Wankhede Stadium, Mumbai",2021,Chennai Super Kings
1254066,Mumbai Indians,Sunrisers Hyderabad,Mumbai Indians,bat,"MA Chidambaram Stadium, Chepauk, Chennai",2021,Mumbai Indians
1254067,Royal Challengers Bangalore,Kolkata Knight Riders,Royal Challengers Bangalore,bat,"MA Chidambaram Stadium, Chepauk, Chennai",2021,Royal Challengers Bangalore
1254068,Punjab Kings,Delhi Capitals,Delhi Capitals,field,"Wankhede Stadium, Mumbai",2021,Delhi Capitals
1254069,Chennai Super Kings,Rajasthan Royals,Rajasthan Royals,field,"Wankhede Stadium, Mumbai",2021,Chennai Super Kings
1254070,Mumbai Indians,Delhi Capitals,Mumbai Indians,bat,"MA Chidambaram Stadium, Chepauk, Chennai",2021,Delhi Capitals
1254071,Punjab Kings,Sunrisers Hyderabad,Punjab Kings,bat,"MA Chidambaram Stadium, Chepauk, Chennai",2021,Sunrisers Hyderabad
1254072,Chennai Super Kings,Kolkata Knight Riders,Kolkata Knight Riders,field,"Wankhede Stadium, Mumbai",2021,Chennai Super Kings
1254073,Rajasthan Royals,Royal Challengers Bangalore,Royal Challengers Bangalore,field,"Wankhede Stadium, Mumbai",2021,Royal Challengers Bangalore
1254074,Mumbai Indians,Punjab Kings,Punjab Kings,field,"MA Chidambaram Stadium, Chepauk, Chennai",2021,Punjab Kings
1254075,Kolkata Knight Riders,Rajasthan Royals,Rajasthan Royals,field,"Wankhede Stadium, Mumbai",2021,Rajasthan Royals
1254076,Chennai Super Kings,Royal Challengers Bangalore,Chennai Super Kings,bat,"Wankhede Stadium, Mumbai",2021,Chennai Super Kings
1254077,Delhi Capitals,Sunrisers Hyderabad,Delhi Capitals,bat,"MA Chidambaram Stadium, Chepauk, Chennai",2021,Unknown
1254078,Punjab Kings,Kolkata Knight Riders,Kolkata Knight Riders,field,"Narendra Modi Stadium, Ahmedabad",2021,Kolkata Knight Riders
1254079,Royal Challengers Bangalore,Delhi Capitals,Delhi Capitals,field,"Narendra Modi Stadium, Ahmedabad",2021,Royal Challengers Bangalore
1254080,Sunrisers Hyderabad,Chennai Super Kings,Sunrisers Hyderabad,bat,"Arun Jaitley Stadium, Delhi",2021,Chennai Super Kings
1254081,Rajasthan Royals,Mumbai Indians,Mumbai Indians,field,"Arun Jaitley Stadium, Delhi",2021,Mumbai Indians
1254082,Kolkata Knight Riders,Delhi Capitals,Delhi Capitals,field,"Narendra Modi Stadium, Ahmedabad",2021,Delhi Capitals
1254083,Punjab Kings,Royal Challengers Bangalore,Royal Challengers Bangalore,field,"Narendra Modi Stadium, Ahmedabad",2021,Punjab Kings
1254084,Chennai Super Kings,Mumbai Indians,Mumbai Indians,field,"Arun Jaitley Stadium, Delhi",2021,Mumbai Indians
1254085,Rajasthan Royals,Sunrisers Hyderabad,Sunrisers Hyderabad,field,"Arun Jaitley Stadium, Delhi",2021,Rajasthan Royals
1254086,Punjab Kings,Delhi Capitals,Delhi Capitals,field,"Narendra Modi Stadium, Ahmedabad",2021,Delhi Capitals
1254104,Chennai Super Kings,Mumbai Indians,Chennai Super Kings,bat,Dubai International Cricket Stadium,2021,Chennai Super Kings
1254087,Royal Challengers Bangalore,Kolkata Knight Riders,Royal Challengers Bangalore,bat,"Zayed Cricket Stadium, Abu Dhabi",2021,Kolkata Knight Riders
1254111,Rajasthan Royals,Punjab Kings,Punjab Kings,field,Dubai International Cricket Stadium,2021,Rajasthan Royals
1254105,Sunrisers Hyderabad,Delhi Capitals,Sunrisers Hyderabad,bat,Dubai International Cricket Stadium,2021,Delhi Capitals
1254096,Mumbai Indians,Kolkata Knight Riders,Kolkata Knight Riders,field,"Zayed Cricket Stadium, Abu Dhabi",2021,Kolkata Knight Riders
1254113,Royal Challengers Bangalore,Chennai Super Kings,Chennai Super Kings,field,Sharjah Cricket Stadium,2021,Chennai Super Kings
1254097,Delhi Capitals,Rajasthan Royals,Rajasthan Royals,field,"Zayed Cricket Stadium, Abu Dhabi",2021,Delhi Capitals
1254107,Punjab Kings,Sunrisers Hyderabad,Sunrisers Hyderabad,field,Sharjah Cricket Stadium,2021,Punjab Kings
1254098,Kolkata Knight Riders,Chennai Super Kings,Kolkata Knight Riders,bat,"Zayed Cricket Stadium, Abu Dhabi",2021,Chennai Super Kings
1254108,Royal Challengers Bangalore,Mumbai Indians,Mumbai Indians,field,Dubai International Cricket Stadium,2021,Royal Challengers Bangalore
1254100,Rajasthan Royals,Sunrisers Hyderabad,Rajasthan Royals,bat,Dubai International Cricket Stadium,2021,Sunrisers Hyderabad
1254092,Delhi Capitals,Kolkata Knight Riders,Kolkata Knight Riders,field,Sharjah Cricket Stadium,2021,Kolkata Knight Riders
1254099,Punjab Kings,Mumbai Indians,Mumbai Indians,field,"Zayed Cricket Stadium, Abu Dhabi",2021,Mumbai Indians
1254103,Rajasthan Royals,Royal Challengers Bangalore,Royal Challengers Bangalore,field,Dubai International Cricket Stadium,2021,Royal Challengers Bangalore
1254091,Sunrisers Hyderabad,Chennai Super Kings,Chennai Super Kings,field,Sharjah Cricket Stadium,2021,Chennai Super Kings
1254102,Kolkata Knight Riders,Punjab Kings,Punjab Kings,field,Dubai International Cricket Stadium,2021,Punjab Kings
1254089,Chennai Super Kings,Rajasthan Royals,Rajasthan Royals,field,"Zayed Cricket Stadium, Abu Dhabi",2021,Rajasthan Royals
1254112,Mumbai Indians,Delhi Capitals,Delhi Capitals,field,Sharjah Cricket Stadium,2021,Delhi Capitals
1254090,Royal Challengers Bangalore,Punjab Kings,Royal Challengers Bangalore,bat,Sharjah Cricket Stadium,2021,Royal Challengers Bangalore
1254109,Sunrisers Hyderabad,Kolkata Knight Riders,Sunrisers Hyderabad,bat,Dubai International Cricket Stadium,2021,Kolkata Knight Riders
1254110,Chennai Super Kings,Delhi Capitals,Delhi Capitals,field,Dubai International Cricket Stadium,2021,Delhi Capitals
1254093,Rajasthan Royals,Mumbai Indians,Mumbai Indians,field,Sharjah Cricket Stadium,2021,Mumbai Indians
1254095,Sunrisers Hyderabad,Royal Challengers Bangalore,Royal Challengers Bangalore,field,"Zayed Cricket Stadium, Abu Dhabi",2021,Sunrisers Hyderabad
1254094,Chennai Super Kings,Punjab Kings,Punjab Kings,field,Dubai International Cricket Stadium,2021,Punjab Kings
1254106,Kolkata Knight Riders,Rajasthan Royals,Rajasthan Royals,field,Sharjah Cricket Stadium,2021,Kolkata Knight Riders
1254088,Mumbai Indians,Sunrisers Hyderabad,Mumbai Indians,bat,"Zayed Cricket Stadium, Abu Dhabi",2021,Mumbai Indians
1254101,Delhi Capitals,Royal Challengers Bangalore,Royal Challengers Bangalore,field,Dubai International Cricket Stadium,2021,Royal Challengers Bangalore
1254114,Delhi Capitals,Chennai Super Kings,Chennai Super Kings,field,Dubai International Cricket Stadium,2021,Chennai Super Kings
1254115,Royal Challengers Bangalore,Kolkata Knight Riders,Royal Challengers Bangalore,bat,Sharjah Cricket Stadium,2021,Kolkata Knight Riders
1254116,Delhi Capitals,Kolkata Knight Riders,Kolkata Knight Riders,field,Sharjah Cricket Stadium,2021,Kolkata Knight Riders
1254117,Chennai Super Kings,Kolkata Knight Riders,Kolkata Knight Riders,field,Dubai International Cricket Stadium,2021,Chennai Super Kings
1304047,Chennai Super Kings,Kolkata Knight Riders,Kolkata Knight Riders,field,"Wankhede Stadium, Mumbai",2022,Kolkata Knight Riders
1304048,Mumbai Indians,Delhi Capitals,Delhi Capitals,field,"Brabourne Stadium, Mumbai",2022,Delhi Capitals
1304049,Royal Challengers Bangalore,Punjab Kings,Punjab Kings,field,"Dr DY Patil Sports Academy, Mumbai",2022,Punjab Kings
1304050,Lucknow Super Giants,Gujarat Titans,Gujarat Titans,field,"Wankhede Stadium, Mumbai",2022,Gujarat Titans
1304051,Rajasthan Royals,Sunrisers Hyderabad,Sunrisers Hyderabad,field,"Maharashtra Cricket Association Stadium, Pune",2022,Rajasthan Royals
1304052,Kolkata Knight Riders,Royal Challengers Bangalore,Royal Challengers Bangalore,field,"Dr DY Patil Sports Academy, Mumbai",2022,Royal Challengers Bangalore
1304053,Chennai Super Kings,Lucknow Super Giants,Lucknow Super Giants,field,"Brabourne Stadium, Mumbai",2022,Lucknow Super Giants
1304054,Punjab Kings,Kolkata Knight Riders,Kolkata Knight Riders,field,"Wankhede Stadium, Mumbai",2022,Kolkata Knight Riders
1304055,Rajasthan Royals,Mumbai Indians,Mumbai Indians,field,"Dr DY Patil Sports Academy, Mumbai",2022,Rajasthan Royals
1304056,Gujarat Titans,Delhi Capitals,Delhi Capitals,field,"Maharashtra Cricket Association Stadium, Pune",2022,Gujarat Titans
1304057,Punjab Kings,Chennai Super Kings,Chennai Super Kings,field,"Brabourne Stadium, Mumbai",2022,Punjab Kings
1304058,Lucknow Super Giants,Sunrisers Hyderabad,Sunrisers Hyderabad,field,"Dr DY Patil Sports Academy, Mumbai",2022,Lucknow Super Giants
1304059,Rajasthan Royals,Royal Challengers Bangalore,Royal Challengers Bangalore,field,"Wankhede Stadium, Mumbai",2022,Royal Challengers Bangalore
1304060,Mumbai Indians,Kolkata Knight Riders,Kolkata Knight Riders,field,"Maharashtra Cricket Association Stadium, Pune",2022,Kolkata Knight Riders
1304061,Delhi Capitals,Lucknow Super Giants,Lucknow Super Giants,field,"Dr DY Patil Sports Academy, Mumbai",2022,Lucknow Super Giants
1304062,Punjab Kings,Gujarat Titans,Gujarat Titans,field,"Brabourne Stadium, Mumbai",2022,Gujarat Titans
1304063,Chennai Super Kings,Sunrisers Hyderabad,Sunrisers Hyderabad,field,"Dr DY Patil Sports Academy, Mumbai",2022,Sunrisers Hyderabad
1304064,Mumbai Indians,Royal Challengers Bangalore,Royal Challengers Bangalore,field,"Maharashtra Cricket Association Stadium, Pune",2022,Royal Challengers Bangalore
1304065,Delhi Capitals,Kolkata Knight Riders,Kolkata Knight Riders,field,"Brabourne Stadium, Mumbai",2022,Delhi Capitals
1304066,Rajasthan Royals,Lucknow Super Giants,Lucknow Super Giants,field,"Wankhede Stadium, Mumbai",2022,Rajasthan Royals
1304067,Gujarat Titans,Sunrisers Hyderabad,Sunrisers Hyderabad,field,"Dr DY Patil Sports Academy, Mumbai",2022,Sunrisers Hyderabad
1304068,Chennai Super Kings,Royal Challengers Bangalore,Royal Challengers Bangalore,field,"Dr DY Patil Sports Academy, Mumbai",2022,Chennai Super Kings
1304069,Punjab Kings,Mumbai Indians,Mumbai Indians,field,"Maharashtra Cricket Association Stadium, Pune",2022,Punjab Kings
1304070,Gujarat Titans,Rajasthan Royals,Rajasthan Royals,field,"Dr DY Patil Sports Academy, Mumbai",2022,Gujarat Titans
1304071,Kolkata Knight Riders,Sunrisers Hyderabad,Sunrisers Hyderabad,field,"Brabourne Stadium, Mumbai",2022,Sunrisers Hyderabad
1304072,Lucknow Super Giants,Mumbai Indians,Mumbai Indians,field,"Brabourne Stadium, Mumbai",2022,Lucknow Super Giants
1304073,Royal Challengers Bangalore,Delhi Capitals,Delhi Capitals,field,"Wankhede Stadium, Mumbai",2022,Royal Challengers Bangalore
1304074,Punjab Kings,Sunrisers Hyderabad,Sunrisers Hyderabad,field,"Dr DY Patil Sports Academy, Mumbai",2022,Sunrisers Hyderabad
1304075,Chennai Super Kings,Gujarat Titans,Gujarat Titans,field,"Maharashtra Cricket Association Stadium, Pune",2022,Gujarat Titans
1304076,Rajasthan Royals,Kolkata Knight Riders,Kolkata Knight Riders,field,"Brabourne Stadium, Mumbai",2022,Rajasthan Royals
1304077,Royal Challengers Bangalore,Lucknow Super Giants,Lucknow Super Giants,field,"Dr DY Patil Sports Academy, Mumbai",2022,Royal Challengers Bangalore
1304078,Punjab Kings,Delhi Capitals,Delhi Capitals,field,"Brabourne Stadium, Mumbai",2022,Delhi Capitals
1304079,Mumbai Indians,Chennai Super Kings,Chennai Super Kings,field,"Dr DY Patil Sports Academy, Mumbai",2022,Chennai Super Kings
1304080,Rajasthan Royals,Delhi Capitals,Delhi Capitals,field,"Wankhede Stadium, Mumbai",2022,Rajasthan Royals
1304081,Gujarat Titans,Kolkata Knight Riders,Gujarat Titans,bat,"Dr DY Patil Sports Academy, Mumbai",2022,Gujarat Titans
1304082,Royal Challengers Bangalore,Sunrisers Hyderabad,Sunrisers Hyderabad,field,"Brabourne Stadium, Mumbai",2022,Sunrisers Hyderabad
1304083,Lucknow Super Giants,Mumbai Indians,Mumbai Indians,field,"Wankhede Stadium, Mumbai",2022,Lucknow Super Giants
1304084,Punjab Kings,Chennai Super Kings,Chennai Super Kings,field,"Wankhede Stadium, Mumbai",2022,Punjab Kings
1304085,Rajasthan Royals,Royal Challengers Bangalore,Royal Challengers Bangalore,field,"Maharashtra Cricket Association Stadium, Pune",2022,Rajasthan Royals
1304086,Sunrisers Hyderabad,Gujarat Titans,Gujarat Titans,field,"Wankhede Stadium, Mumbai",2022,Gujarat Titans
1304087,Kolkata Knight Riders,Delhi Capitals,Delhi Capitals,field,"Wankhede Stadium, Mumbai",2022,Delhi Capitals
1304088,Lucknow Super Giants,Punjab Kings,Punjab Kings,field,"Maharashtra Cricket Association Stadium, Pune",2022,Lucknow Super Giants
1304089,Royal Challengers Bangalore,Gujarat Titans,Royal Challengers Bangalore,bat,"Brabourne Stadium, Mumbai",2022,Gujarat Titans
1304090,Rajasthan Royals,Mumbai Indians,Mumbai Indians,field,"Dr DY Patil Sports Academy, Mumbai",2022,Mumbai Indians
1304091,Lucknow Super Giants,Delhi Capitals,Lucknow Super Giants,bat,"Wankhede Stadium, Mumbai",2022,Lucknow Super Giants
1304092,Chennai Super Kings,Sunrisers Hyderabad,Sunrisers Hyderabad,field,"Maharashtra Cricket Association Stadium, Pune",2022,Chennai Super Kings
1304093,Rajasthan Royals,Kolkata Knight Riders,Kolkata Knight Riders,field,"Wankhede Stadium, Mumbai",2022,Kolkata Knight Riders
1304094,Gujarat Titans,Punjab Kings,Gujarat Titans,bat,"Dr DY Patil Sports Academy, Mumbai",2022,Punjab Kings
1304095,Royal Challengers Bangalore,Chennai Super Kings,Chennai Super Kings,field,"Maharashtra Cricket Association Stadium, Pune",2022,Royal Challengers Bangalore
1304096,Delhi Capitals,Sunrisers Hyderabad,Sunrisers Hyderabad,field,"Brabourne Stadium, Mumbai",2022,Delhi Capitals
1304097,Mumbai Indians,Gujarat Titans,Gujarat Titans,field,"Brabourne Stadium, Mumbai",2022,Mumbai Indians
1304098,Punjab Kings,Rajasthan Royals,Punjab Kings,bat,"Wankhede Stadium, Mumbai",2022,Rajasthan Royals
1304099,Lucknow Super Giants,Kolkata Knight Riders,Kolkata Knight Riders,field,"Maharashtra Cricket Association Stadium, Pune",2022,Lucknow Super Giants
1304100,Royal Challengers Bangalore,Sunrisers Hyderabad,Royal Challengers Bangalore,bat,"Wankhede Stadium, Mumbai",2022,Royal Challengers Bangalore
1304101,Chennai Super Kings,Delhi Capitals,Delhi Capitals,field,"Dr DY Patil Sports Academy, Mumbai",2022,Chennai Super Kings
1304102,Kolkata Knight Riders,Mumbai Indians,Mumbai Indians,field,"Dr DY Patil Sports Academy, Mumbai",2022,Kolkata Knight Riders
1304103,Gujarat Titans,Lucknow Super Giants,Gujarat Titans,bat,"Maharashtra Cricket Association Stadium, Pune",2022,Gujarat Titans
1304104,Rajasthan Royals,Delhi Capitals,Delhi Capitals,field,"Dr DY Patil Sports Academy, Mumbai",2022,Delhi Capitals
1304105,Chennai Super Kings,Mumbai Indians,Mumbai Indians,field,"Wankhede Stadium, Mumbai",2022,Mumbai Indians
1304106,Punjab Kings,Royal Challengers Bangalore,Royal Challengers Bangalore,field,"Brabourne Stadium, Mumbai",2022,Punjab Kings
1304107,Kolkata Knight Riders,Sunrisers Hyderabad,Kolkata Knight Riders,bat,"Maharashtra Cricket Association Stadium, Pune",2022,Kolkata Knight Riders
1304108,Chennai Super Kings,Gujarat Titans,Chennai Super Kings,bat,"Wankhede Stadium, Mumbai",2022,Gujarat Titans
1304109,Rajasthan Royals,Lucknow Super Giants,Rajasthan Royals,bat,"Brabourne Stadium, Mumbai",2022,Rajasthan Royals
1304110,Delhi Capitals,Punjab Kings,Punjab Kings,field,"Dr DY Patil Sports Academy, Mumbai",2022,Delhi Capitals
1304111,Sunrisers Hyderabad,Mumbai Indians,Mumbai Indians,field,"Wankhede Stadium, Mumbai",2022,Sunrisers Hyderabad
1304112,Lucknow Super Giants,Kolkata Knight Riders,Lucknow Super Giants,bat,"Dr DY Patil Sports Academy, Mumbai",2022,Lucknow Super Giants
1304113,Gujarat Titans,Royal Challengers Bangalore,Gujarat Titans,bat,"Wankhede Stadium, Mumbai",2022,Royal Challengers Bangalore
1304114,Chennai Super Kings,Rajasthan Royals,Chennai Super Kings,bat,"Brabourne Stadium, Mumbai",2022,Rajasthan Royals
1304115,Delhi Capitals,Mumbai Indians,Mumbai Indians,field,"Wankhede Stadium, Mumbai",2022,Mumbai Indians
1304116,Sunrisers Hyderabad,Punjab Kings,Sunrisers Hyderabad,bat,"Wankhede Stadium, Mumbai",2022,Punjab Kings
1312197,Rajasthan Royals,Gujarat Titans,Gujarat Titans,field,"Eden Gardens, Kolkata",2022,Gujarat Titans
1312198,Royal Challengers Bangalore,Lucknow Super Giants,Lucknow Super Giants,field,"Eden Gardens, Kolkata",2022,Royal Challengers Bangalore
1312199,Royal Challengers Bangalore,Rajasthan Royals,Rajasthan Royals,field,"Narendra Modi Stadium, Ahmedabad",2022,Rajasthan Royals
1312200,Rajasthan Royals,Gujarat Titans,Rajasthan Royals,bat,"Narendra Modi Stadium, Ahmedabad",2022,Gujarat Titans
1359475,Chennai Super Kings,Gujarat Titans,Gujarat Titans,field,"Narendra Modi Stadium, Ahmedabad",2023,Gujarat Titans
1359476,Punjab Kings,Kolkata Knight Riders,Kolkata Knight Riders,field,"Punjab Cricket Association IS Bindra Stadium, Mohali, Chandigarh",2023,Punjab Kings
1359477,Lucknow Super Giants,Delhi Capitals,Delhi Capitals,field,"Bharat Ratna Shri Atal Bihari Vajpayee Ekana Cricket Stadium, Lucknow",2023,Lucknow Super Giants
1359478,Rajasthan Royals,Sunrisers Hyderabad,Sunrisers Hyderabad,field,"Rajiv Gandhi International Stadium, Uppal, Hyderabad",2023,Rajasthan Royals
1359479,Mumbai Indians,Royal Challengers Bangalore,Royal Challengers Bangalore,field,"M Chinnaswamy Stadium, Bengaluru",2023,Royal Challengers Bangalore
1359480,Chennai Super Kings,Lucknow Super Giants,Lucknow Super Giants,field,"MA Chidambaram Stadium, Chepauk, Chennai",2023,Chennai Super Kings
1359481,Delhi Capitals,Gujarat Titans,Gujarat Titans,field,"Arun Jaitley Stadium, Delhi",2023,Gujarat Titans
1359482,Punjab Kings,Rajasthan Royals,Rajasthan Royals,field,"Barsapara Cricket Stadium, Guwahati",2023,Punjab Kings
1359483,Kolkata Knight Riders,Royal Challengers Bangalore,Royal Challengers Bangalore,field,"Eden Gardens, Kolkata",2023,Kolkata Knight Riders
1359484,Sunrisers Hyderabad,Lucknow Super Giants,Sunrisers Hyderabad,bat,"Bharat Ratna Shri Atal Bihari Vajpayee Ekana Cricket Stadium, Lucknow",2023,Lucknow Super Giants
1359485,Rajasthan Royals,Delhi Capitals,Delhi Capitals,field,"Barsapara Cricket Stadium, Guwahati",2023,Rajasthan Royals
1359486,Mumbai Indians,Chennai Super Kings,Chennai Super Kings,field,"Wankhede Stadium, Mumbai",2023,Chennai Super Kings
1359487,Gujarat Titans,Kolkata Knight Riders,Gujarat Titans,bat,"Narendra Modi Stadium, Ahmedabad",2023,Kolkata Knight Riders
1359488,Punjab Kings,Sunrisers Hyderabad,Sunrisers Hyderabad,field,"Rajiv Gandhi International Stadium, Uppal, Hyderabad",2023,Sunrisers Hyderabad
1359489,Royal Challengers Bangalore,Lucknow Super Giants,Lucknow Super Giants,field,"M Chinnaswamy Stadium, Bengaluru",2023,Lucknow Super Giants
1359490,Delhi Capitals,Mumbai Indians,Mumbai Indians,field,"Arun Jaitley Stadium, Delhi",2023,Mumbai Indians
1359491,Rajasthan Royals,Chennai Super Kings,Chennai Super Kings,field,"MA Chidambaram Stadium, Chepauk, Chennai",2023,Rajasthan Royals
1359492,Punjab Kings,Gujarat Titans,Gujarat Titans,field,"Punjab Cricket Association IS Bindra Stadium, Mohali, Chandigarh",2023,Gujarat Titans
1359493,Sunrisers Hyderabad,Kolkata Knight Riders,Kolkata Knight Riders,field,"Eden Gardens, Kolkata",2023,Sunrisers Hyderabad
1359494,Royal Challengers Bangalore,Delhi Capitals,Delhi Capitals,field,"M Chinnaswamy Stadium, Bengaluru",2023,Royal Challengers Bangalore
1359495,Lucknow Super Giants,Punjab Kings,Punjab Kings,field,"Bharat Ratna Shri Atal Bihari Vajpayee Ekana Cricket Stadium, Lucknow",2023,Punjab Kings
1359496,Kolkata Knight Riders,Mumbai Indians,Mumbai Indians,field,"Wankhede Stadium, Mumbai",2023,Mumbai Indians
1359497,Gujarat Titans,Rajasthan Royals,Rajasthan Royals,field,"Narendra Modi Stadium, Ahmedabad",2023,Rajasthan Royals
1359498,Chennai Super Kings,Royal Challengers Bangalore,Royal Challengers Bangalore,field,"M Chinnaswamy Stadium, Bengaluru",2023,Chennai Super Kings
1359499,Mumbai Indians,Sunrisers Hyderabad,Sunrisers Hyderabad,field,"Rajiv Gandhi International Stadium, Uppal, Hyderabad",2023,Mumbai Indians
1359500,Lucknow Super Giants,Rajasthan Royals,Rajasthan Royals,field,"Sawai Mansingh Stadium, Jaipur",2023,Lucknow Super Giants
1359501,Royal Challengers Bangalore,Punjab Kings,Punjab Kings,field,"Punjab Cricket Association IS Bindra Stadium, Mohali, Chandigarh",2023,Royal Challengers Bangalore
1359502,Kolkata Knight Riders,Delhi Capitals,Delhi Capitals,field,"Arun Jaitley Stadium, Delhi",2023,Delhi Capitals
1359503,Sunrisers Hyderabad,Chennai Super Kings,Chennai Super Kings,field,"MA Chidambaram Stadium, Chepauk, Chennai",2023,Chennai Super Kings
1359504,Gujarat Titans,Lucknow Super Giants,Gujarat Titans,bat,"Bharat Ratna Shri Atal Bihari Vajpayee Ekana Cricket Stadium, Lucknow",2023,Gujarat Titans
1359505,Punjab Kings,Mumbai Indians,Mumbai Indians,field,"Wankhede Stadium, Mumbai",2023,Punjab Kings
1359506,Royal Challengers Bangalore,Rajasthan Royals,Rajasthan Royals,field,"M Chinnaswamy Stadium, Bengaluru",2023,Royal Challengers Bangalore
1359507,Chennai Super Kings,Kolkata Knight Riders,Kolkata Knight Riders,field,"Eden Gardens, Kolkata",2023,Chennai Super Kings
1359508,Delhi Capitals,Sunrisers Hyderabad,Delhi Capitals,bat,"Rajiv Gandhi International Stadium, Uppal, Hyderabad",2023,Delhi Capitals
1359509,Gujarat Titans,Mumbai Indians,Mumbai Indians,field,"Narendra Modi Stadium, Ahmedabad",2023,Gujarat Titans
1359510,Kolkata Knight Riders,Royal Challengers Bangalore,Royal Challengers Bangalore,field,"M Chinnaswamy Stadium, Bengaluru",2023,Kolkata Knight Riders
1359511,Rajasthan Royals,Chennai Super Kings,Rajasthan Royals,bat,"Sawai Mansingh Stadium, Jaipur",2023,Rajasthan Royals
1359512,Lucknow Super Giants,Punjab Kings,Punjab Kings,field,"Punjab Cricket Association IS Bindra Stadium, Mohali, Chandigarh",2023,Lucknow Super Giants
1359513,Kolkata Knight Riders,Gujarat Titans,Gujarat Titans,field,"Eden Gardens, Kolkata",2023,Gujarat Titans
1359514,Sunrisers Hyderabad,Delhi Capitals,Sunrisers Hyderabad,bat,"Arun Jaitley Stadium, Delhi",2023,Sunrisers Hyderabad
1359515,Chennai Super Kings,Punjab Kings,Chennai Super Kings,bat,"MA Chidambaram Stadium, Chepauk, Chennai",2023,Punjab Kings
1359516,Rajasthan Royals,Mumbai Indians,Rajasthan Royals,bat,"Wankhede Stadium, Mumbai",2023,Mumbai Indians
1359517,Royal Challengers Bangalore,Lucknow Super Giants,Royal Challengers Bangalore,bat,"Bharat Ratna Shri Atal Bihari Vajpayee Ekana Cricket Stadium, Lucknow",2023,Royal Challengers Bangalore
1359518,Delhi Capitals,Gujarat Titans,Delhi Capitals,bat,"Narendra Modi Stadium, Ahmedabad",2023,Delhi Capitals
1359519,Lucknow Super Giants,Chennai Super Kings,Chennai Super Kings,field,"Bharat Ratna Shri Atal Bihari Vajpayee Ekana Cricket Stadium, Lucknow",2023,Unknown
1359520,Punjab Kings,Mumbai Indians,Mumbai Indians,field,"Punjab Cricket Association IS Bindra Stadium, Mohali, Chandigarh",2023,Mumbai Indians
1359521,Kolkata Knight Riders,Sunrisers Hyderabad,Kolkata Knight Riders,bat,"Rajiv Gandhi International Stadium, Uppal, Hyderabad",2023,Kolkata Knight Riders
1359522,Rajasthan Royals,Gujarat Titans,Rajasthan Royals,bat,"Sawai Mansingh Stadium, Jaipur",2023,Gujarat Titans
1359523,Mumbai Indians,Chennai Super Kings,Chennai Super Kings,field,"MA Chidambaram Stadium, Chepauk, Chennai",2023,Chennai Super Kings
1359524,Royal Challengers Bangalore,Delhi Capitals,Royal Challengers Bangalore,bat,"Arun Jaitley Stadium, Delhi",2023,Delhi Capitals
1359525,Gujarat Titans,Lucknow Super Giants,Lucknow Super Giants,field,"Narendra Modi Stadium, Ahmedabad",2023,Gujarat Titans
1359526,Rajasthan Royals,Sunrisers Hyderabad,Rajasthan Royals,bat,"Sawai Mansingh Stadium, Jaipur",2023,Sunrisers Hyderabad
1359527,Punjab Kings,Kolkata Knight Riders,Punjab Kings,bat,"Eden Gardens, Kolkata",2023,Kolkata Knight Riders
1359528,Royal Challengers Bangalore,Mumbai Indians,Mumbai Indians,field,"Wankhede Stadium, Mumbai",2023,Mumbai Indians
1359529,Chennai Super Kings,Delhi Capitals,Chennai Super Kings,bat,"MA Chidambaram Stadium, Chepauk, Chennai",2023,Chennai Super Kings
1359530,Kolkata Knight Riders,Rajasthan Royals,Rajasthan Royals,field,"Eden Gardens, Kolkata",2023,Rajasthan Royals
1359531,Mumbai Indians,Gujarat Titans,Gujarat Titans,field,"Wankhede Stadium, Mumbai",2023,Mumbai Indians
1359532,Sunrisers Hyderabad,Lucknow Super Giants,Sunrisers Hyderabad,bat,"Rajiv Gandhi International Stadium, Uppal, Hyderabad",2023,Lucknow Super Giants
1359533,Punjab Kings,Delhi Capitals,Delhi Capitals,field,"Arun Jaitley Stadium, Delhi",2023,Punjab Kings
1359534,Royal Challengers Bangalore,Rajasthan Royals,Royal Challengers Bangalore,bat,"Sawai Mansingh Stadium, Jaipur",2023,Royal Challengers Bangalore
1359535,Chennai Super Kings,Kolkata Knight Riders,Chennai Super Kings,bat,"MA Chidambaram Stadium, Chepauk, Chennai",2023,Kolkata Knight Riders
1359536,Gujarat Titans,Sunrisers Hyderabad,Sunrisers Hyderabad,field,"Narendra Modi Stadium, Ahmedabad",2023,Gujarat Titans
1359537,Lucknow Super Giants,Mumbai Indians,Mumbai Indians,field,"Bharat Ratna Shri Atal Bihari Vajpayee Ekana Cricket Stadium, Lucknow",2023,Lucknow Super Giants
1359538,Delhi Capitals,Punjab Kings,Punjab Kings,field,"Himachal Pradesh Cricket Association Stadium, Dharamsala",2023,Delhi Capitals
1359539,Sunrisers Hyderabad,Royal Challengers Bangalore,Royal Challengers Bangalore,field,"Rajiv Gandhi International Stadium, Uppal, Hyderabad",2023,Royal Challengers Bangalore
1359540,Punjab Kings,Rajasthan Royals,Rajasthan Royals,field,"Himachal Pradesh Cricket Association Stadium, Dharamsala",2023,Rajasthan Royals
1359541,Chennai Super Kings,Delhi Capitals,Chennai Super Kings,bat,"Arun Jaitley Stadium, Delhi",2023,Chennai Super Kings
1359542,Lucknow Super Giants,Kolkata Knight Riders,Kolkata Knight Riders,field,"Eden Gardens, Kolkata",2023,Lucknow Super Giants
1359543,Sunrisers Hyderabad,Mumbai Indians,Mumbai Indians,field,"Wankhede Stadium, Mumbai",2023,Mumbai Indians
1359544,Royal Challengers Bangalore,Gujarat Titans,Gujarat Titans,field,"M Chinnaswamy Stadium, Bengaluru",2023,Gujarat Titans
1370350,Chennai Super Kings,Gujarat Titans,Gujarat Titans,field,"MA Chidambaram Stadium, Chepauk, Chennai",2023,Chennai Super Kings
1370351,Mumbai Indians,Lucknow Super Giants,Mumbai Indians,bat,"MA Chidambaram Stadium, Chepauk, Chennai",2023,Mumbai Indians
1370352,Gujarat Titans,Mumbai Indians,Mumbai Indians,field,"Narendra Modi Stadium, Ahmedabad",2023,Gujarat Titans
1370353,Gujarat Titans,Chennai Super Kings,Chennai Super Kings,field,"Narendra Modi Stadium, Ahmedabad",2023,Chennai Super Kings
1422119,Royal Challengers Bengaluru,Chennai Super Kings,Royal Challengers Bengaluru,bat,"MA Chidambaram Stadium, Chepauk, Chennai",2024,Chennai Super Kings
1422120,Delhi Capitals,Punjab Kings,Punjab Kings,field,"Maharaja Yadavindra Singh International Cricket Stadium, Mullanpur",2024,Punjab Kings
1422121,Kolkata Knight Riders,Sunrisers Hyderabad,Sunrisers Hyderabad,field,"Eden Gardens, Kolkata",2024,Kolkata Knight Riders
1422122,Rajasthan Royals,Lucknow Super Giants,Rajasthan Royals,bat,"Sawai Mansingh Stadium, Jaipur",2024,Rajasthan Royals
1422123,Gujarat Titans,Mumbai Indians,Mumbai Indians,field,"Narendra Modi Stadium, Ahmedabad",2024,Gujarat Titans
1422124,Punjab Kings,Royal Challengers Bengaluru,Royal Challengers Bengaluru,field,"M Chinnaswamy Stadium, Bengaluru",2024,Royal Challengers Bengaluru
1422125,Chennai Super Kings,Gujarat Titans,Gujarat Titans,field,"MA Chidambaram Stadium, Chepauk, Chennai",2024,Chennai Super Kings
1422126,Sunrisers Hyderabad,Mumbai Indians,Mumbai Indians,field,"Rajiv Gandhi International Stadium, Uppal, Hyderabad",2024,Sunrisers Hyderabad
1422127,Rajasthan Royals,Delhi Capitals,Delhi Capitals,field,"Sawai Mansingh Stadium, Jaipur",2024,Rajasthan Royals
1422128,Royal Challengers Bengaluru,Kolkata Knight Riders,Kolkata Knight Riders,field,"M Chinnaswamy Stadium, Bengaluru",2024,Kolkata Knight Riders
1422129,Lucknow Super Giants,Punjab Kings,Lucknow Super Giants,bat,"Bharat Ratna Shri Atal Bihari Vajpayee Ekana Cricket Stadium, Lucknow",2024,Lucknow Super Giants
1422130,Sunrisers Hyderabad,Gujarat Titans,Sunrisers Hyderabad,bat,"Narendra Modi Stadium, Ahmedabad",2024,Gujarat Titans
1422131,Delhi Capitals,Chennai Super Kings,Delhi Capitals,bat,"Dr. Y.S. Rajasekhara Reddy ACA-VDCA Cricket Stadium, Visakhapatnam",2024,Delhi Capitals
1422132,Mumbai Indians,Rajasthan Royals,Rajasthan Royals,field,"Wankhede Stadium, Mumbai",2024,Rajasthan Royals
1422133,Lucknow Super Giants,Royal Challengers Bengaluru,Royal Challengers Bengaluru,field,"M Chinnaswamy Stadium, Bengaluru",2024,Lucknow Super Giants
1422134,Kolkata Knight Riders,Delhi Capitals,Kolkata Knight Riders,bat,"Dr. Y.S. Rajasekhara Reddy ACA-VDCA Cricket Stadium, Visakhapatnam",2024,Kolkata Knight Riders
1422135,Gujarat Titans,Punjab Kings,Punjab Kings,field,"Narendra Modi Stadium, Ahmedabad",2024,Punjab Kings
1422136,Chennai Super Kings,Sunrisers Hyderabad,Sunrisers Hyderabad,field,"Rajiv Gandhi International Stadium, Uppal, Hyderabad",2024,Sunrisers Hyderabad
1422137,Royal Challengers Bengaluru,Rajasthan Royals,Rajasthan Royals,field,"Sawai Mansingh Stadium, Jaipur",2024,Rajasthan Royals
1422138,Mumbai Indians,Delhi Capitals,Delhi Capitals,field,"Wankhede Stadium, Mumbai",2024,Mumbai Indians
1422139,Lucknow Super Giants,Gujarat Titans,Lucknow Super Giants,bat,"Bharat Ratna Shri Atal Bihari Vajpayee Ekana Cricket Stadium, Lucknow",2024,Lucknow Super Giants
1426260,Kolkata Knight Riders,Chennai Super Kings,Chennai Super Kings,field,"MA Chidambaram Stadium, Chepauk, Chennai",2024,Chennai Super Kings
1426261,Sunrisers Hyderabad,Punjab Kings,Punjab Kings,field,"Maharaja Yadavindra Singh International Cricket Stadium, Mullanpur",2024,Sunrisers Hyderabad
1426262,Rajasthan Royals,Gujarat Titans,Gujarat Titans,field,"Sawai Mansingh Stadium, Jaipur",2024,Gujarat Titans
1426263,Royal Challengers Bengaluru,Mumbai Indians,Mumbai Indians,field,"Wankhede Stadium, Mumbai",2024,Mumbai Indians
1426264,Lucknow Super Giants,Delhi Capitals,Lucknow Super Giants,bat,"Bharat Ratna Shri Atal Bihari Vajpayee Ekana Cricket Stadium, Lucknow",2024,Delhi Capitals
1426265,Punjab Kings,Rajasthan Royals,Rajasthan Royals,field,"Maharaja Yadavindra Singh International Cricket Stadium, Mullanpur",2024,Rajasthan Royals
1426266,Lucknow Super Giants,Kolkata Knight Riders,Kolkata Knight Riders,field,"Eden Gardens, Kolkata",2024,Kolkata Knight Riders
1426267,Chennai Super Kings,Mumbai Indians,Mumbai Indians,field,"Wankhede Stadium, Mumbai",2024,Chennai Super Kings
1426268,Sunrisers Hyderabad,Royal Challengers Bengaluru,Royal Challengers Bengaluru,field,"M Chinnaswamy Stadium, Bengaluru",2024,Sunrisers Hyderabad
1426269,Kolkata Knight Riders,Rajasthan Royals,Rajasthan Royals,field,"Eden Gardens, Kolkata",2024,Rajasthan Royals
1426270,Gujarat Titans,Delhi Capitals,Delhi Capitals,field,"Narendra Modi Stadium, Ahmedabad",2024,Delhi Capitals
1426271,Mumbai Indians,Punjab Kings,Punjab Kings,field,"Maharaja Yadavindra Singh International Cricket Stadium, Mullanpur",2024,Mumbai Indians
1426272,Chennai Super Kings,Lucknow Super Giants,Lucknow Super Giants,field,"Bharat Ratna Shri Atal Bihari Vajpayee Ekana Cricket Stadium, Lucknow",2024,Lucknow Super Giants
1426273,Sunrisers Hyderabad,Delhi Capitals,Delhi Capitals,field,"Arun Jaitley Stadium, Delhi",2024,Sunrisers Hyderabad
1426274,Kolkata Knight Riders,Royal Challengers Bengaluru,Royal Challengers Bengaluru,field,"Eden Gardens, Kolkata",2024,Kolkata Knight Riders
1426275,Punjab Kings,Gujarat Titans,Punjab Kings,bat,"Maharaja Yadavindra Singh International Cricket Stadium, Mullanpur",2024,Gujarat Titans
1426276,Mumbai Indians,Rajasthan Royals,Mumbai Indians,bat,"Sawai Mansingh Stadium, Jaipur",2024,Rajasthan Royals
1426277,Chennai Super Kings,Lucknow Super Giants,Lucknow Super Giants,field,"MA Chidambaram Stadium, Chepauk, Chennai",2024,Lucknow Super Giants
1426278,Delhi Capitals,Gujarat Titans,Gujarat Titans,field,"Arun Jaitley Stadium, Delhi",2024,Delhi Capitals
1426279,Royal Challengers Bengaluru,Sunrisers Hyderabad,Royal Challengers Bengaluru,bat,"Rajiv Gandhi International Stadium, Uppal, Hyderabad",2024,Royal Challengers Bengaluru
1426280,Kolkata Knight Riders,Punjab Kings,Punjab Kings,field,"Eden Gardens, Kolkata",2024,Punjab Kings
1426281,Delhi Capitals,Mumbai Indians,Mumbai Indians,field,"Arun Jaitley Stadium, Delhi",2024,Delhi Capitals
1426282,Lucknow Super Giants,Rajasthan Royals,Rajasthan Royals,field,"Bharat Ratna Shri Atal Bihari Vajpayee Ekana Cricket Stadium, Lucknow",2024,Rajasthan Royals
1426283,Gujarat Titans,Royal Challengers Bengaluru,Royal Challengers Bengaluru,field,"Narendra Modi Stadium, Ahmedabad",2024,Royal Challengers Bengaluru
1426284,Chennai Super Kings,Sunrisers Hyderabad,Sunrisers Hyderabad,field,"MA Chidambaram Stadium, Chepauk, Chennai",2024,Chennai Super Kings
1426285,Delhi Capitals,Kolkata Knight Riders,Delhi Capitals,bat,"Eden Gardens, Kolkata",2024,Kolkata Knight Riders
1426286,Mumbai Indians,Lucknow Super Giants,Lucknow Super Giants,field,"Bharat Ratna Shri Atal Bihari Vajpayee Ekana Cricket Stadium, Lucknow",2024,Lucknow Super Giants
1426287,Chennai Super Kings,Punjab Kings,Punjab Kings,field,"MA Chidambaram Stadium, Chepauk, Chennai",2024,Punjab Kings
1426288,Sunrisers Hyderabad,Rajasthan Royals,Sunrisers Hyderabad,bat,"Rajiv Gandhi International Stadium, Uppal, Hyderabad",2024,Sunrisers Hyderabad
1426289,Kolkata Knight Riders,Mumbai Indians,Mumbai Indians,field,"Wankhede Stadium, Mumbai",2024,Kolkata Knight Riders
1426290,Gujarat Titans,Royal Challengers Bengaluru,Royal Challengers Bengaluru,field,"M Chinnaswamy Stadium, Bengaluru",2024,Royal Challengers Bengaluru
1426291,Chennai Super Kings,Punjab Kings,Punjab Kings,field,"Himachal Pradesh Cricket Association Stadium, Dharamsala",2024,Chennai Super Kings
1426292,Kolkata Knight Riders,Lucknow Super Giants,Lucknow Super Giants,field,"Bharat Ratna Shri Atal Bihari Vajpayee Ekana Cricket Stadium, Lucknow",2024,Kolkata Knight Riders
1426293,Sunrisers Hyderabad,Mumbai Indians,Mumbai Indians,field,"Wankhede Stadium, Mumbai",2024,Mumbai Indians
1426294,Delhi Capitals,Rajasthan Royals,Rajasthan Royals,field,"Arun Jaitley Stadium, Delhi",2024,Delhi Capitals
1426295,Lucknow Super Giants,Sunrisers Hyderabad,Lucknow Super Giants,bat,"Rajiv Gandhi International Stadium, Uppal, Hyderabad",2024,Sunrisers Hyderabad
1426296,Royal Challengers Bengaluru,Punjab Kings,Punjab Kings,field,"Himachal Pradesh Cricket Association Stadium, Dharamsala",2024,Royal Challengers Bengaluru
1426297,Gujarat Titans,Chennai Super Kings,Chennai Super Kings,field,"Narendra Modi Stadium, Ahmedabad",2024,Gujarat Titans
1426298,Kolkata Knight Riders,Mumbai Indians,Mumbai Indians,field,"Eden Gardens, Kolkata",2024,Kolkata Knight Riders
1426299,Rajasthan Royals,Chennai Super Kings,Rajasthan Royals,bat,"MA Chidambaram Stadium, Chepauk, Chennai",2024,Chennai Super Kings
1426300,Royal Challengers Bengaluru,Delhi Capitals,Delhi Capitals,field,"M Chinnaswamy Stadium, Bengaluru",2024,Royal Challengers Bengaluru
1426302,Delhi Capitals,Lucknow Super Giants,Lucknow Super Giants,field,"Arun Jaitley Stadium, Delhi",2024,Delhi Capitals
1426303,Rajasthan Royals,Punjab Kings,Rajasthan Royals,bat,"Barsapara Cricket Stadium, Guwahati",2024,Punjab Kings
1426305,Lucknow Super Giants,Mumbai Indians,Mumbai Indians,field,"Wankhede Stadium, Mumbai",2024,Lucknow Super Giants
1426306,Royal Challengers Bengaluru,Chennai Super Kings,Chennai Super Kings,field,"M Chinnaswamy Stadium, Bengaluru",2024,Royal Challengers Bengaluru
1426307,Punjab Kings,Sunrisers Hyderabad,Punjab Kings,bat,"Rajiv Gandhi International Stadium, Uppal, Hyderabad",2024,Sunrisers Hyderabad
1426309,Sunrisers Hyderabad,Kolkata Knight Riders,Sunrisers Hyderabad,bat,"Narendra Modi Stadium, Ahmedabad",2024,Kolkata Knight Riders
1426310,Royal Challengers Bengaluru,Rajasthan Royals,Rajasthan Royals,field,"Narendra Modi Stadium, Ahmedabad",2024,Rajasthan Royals
1426311,Sunrisers Hyderabad,Rajasthan Royals,Rajasthan Royals,field,"MA Chidambaram Stadium, Chepauk, Chennai",2024,Sunrisers Hyderabad
1426312,Sunrisers Hyderabad,Kolkata Knight Riders,Sunrisers Hyderabad,bat,"MA Chidambaram Stadium, Chepauk, Chennai",2024,Kolkata Knight Riders
1473438,Kolkata Knight Riders,Royal Challengers Bengaluru,Royal Challengers Bengaluru,field,"Eden Gardens, Kolkata",2025,Royal Challengers Bengaluru
1473439,Sunrisers Hyderabad,Rajasthan Royals,Rajasthan Royals,field,"Rajiv Gandhi International Stadium, Uppal, Hyderabad",2025,Sunrisers Hyderabad
1473440,Mumbai Indians,Chennai Super Kings,Chennai Super Kings,field,"MA Chidambaram Stadium, Chepauk, Chennai",2025,Chennai Super Kings
1473441,Lucknow Super Giants,Delhi Capitals,Delhi Capitals,field,"Dr. Y.S. Rajasekhara Reddy ACA-VDCA Cricket Stadium, Visakhapatnam",2025,Delhi Capitals
1473442,Punjab Kings,Gujarat Titans,Gujarat Titans,field,"Narendra Modi Stadium, Ahmedabad",2025,Punjab Kings
1473443,Rajasthan Royals,Kolkata Knight Riders,Kolkata Knight Riders,field,"Barsapara Cricket Stadium, Guwahati",2025,Kolkata Knight Riders
1473444,Sunrisers Hyderabad,Lucknow Super Giants,Lucknow Super Giants,field,"Rajiv Gandhi International Stadium, Uppal, Hyderabad",2025,Lucknow Super Giants
1473445,Royal Challengers Bengaluru,Chennai Super Kings,Chennai Super Kings,field,"MA Chidambaram Stadium, Chepauk, Chennai",2025,Royal Challengers Bengaluru
1473446,Gujarat Titans,Mumbai Indians,Mumbai Indians,field,"Narendra Modi Stadium, Ahmedabad",2025,Gujarat Titans
1473447,Sunrisers Hyderabad,Delhi Capitals,Sunrisers Hyderabad,bat,"Dr. Y.S. Rajasekhara Reddy ACA-VDCA Cricket Stadium, Visakhapatnam",2025,Delhi Capitals
1473448,Rajasthan Royals,Chennai Super Kings,Chennai Super Kings,field,"Barsapara Cricket Stadium, Guwahati",2025,Rajasthan Royals
1473449,Kolkata Knight Riders,Mumbai Indians,Mumbai Indians,field,"Wankhede Stadium, Mumbai",2025,Mumbai Indians
1473450,Lucknow Super Giants,Punjab Kings,Punjab Kings,field,"Bharat Ratna Shri Atal Bihari Vajpayee Ekana Cricket Stadium, Lucknow",2025,Punjab Kings
1473451,Royal Challengers Bengaluru,Gujarat Titans,Gujarat Titans,field,"M Chinnaswamy Stadium, Bengaluru",2025,Gujarat Titans
1473452,Kolkata Knight Riders,Sunrisers Hyderabad,Sunrisers Hyderabad,field,"Eden Gardens, Kolkata",2025,Kolkata Knight Riders
1473453,Lucknow Super Giants,Mumbai Indians,Mumbai Indians,field,"Bharat Ratna Shri Atal Bihari Vajpayee Ekana Cricket Stadium, Lucknow",2025,Lucknow Super Giants
1473454,Delhi Capitals,Chennai Super Kings,Delhi Capitals,bat,"MA Chidambaram Stadium, Chepauk, Chennai",2025,Delhi Capitals
1473455,Rajasthan Royals,Punjab Kings,Punjab Kings,field,"Maharaja Yadavindra Singh International Cricket Stadium, Mullanpur",2025,Rajasthan Royals
1473457,Sunrisers Hyderabad,Gujarat Titans,Gujarat Titans,field,"Rajiv Gandhi International Stadium, Uppal, Hyderabad",2025,Gujarat Titans
1473458,Royal Challengers Bengaluru,Mumbai Indians,Mumbai Indians,field,"Wankhede Stadium, Mumbai",2025,Royal Challengers Bengaluru
1473456,Lucknow Super Giants,Kolkata Knight Riders,Kolkata Knight Riders,field,"Eden Gardens, Kolkata",2025,Lucknow Super Giants
1473459,Punjab Kings,Chennai Super Kings,Punjab Kings,bat,"Maharaja Yadavindra Singh International Cricket Stadium, Mullanpur",2025,Punjab Kings
1473460,Gujarat Titans,Rajasthan Royals,Rajasthan Royals,field,"Narendra Modi Stadium, Ahmedabad",2025,Gujarat Titans
1473461,Royal Challengers Bengaluru,Delhi Capitals,Delhi Capitals,field,"M Chinnaswamy Stadium, Bengaluru",2025,Delhi Capitals
1473462,Chennai Super Kings,Kolkata Knight Riders,Kolkata Knight Riders,field,"MA Chidambaram Stadium, Chepauk, Chennai",2025,Kolkata Knight Riders
1473463,Gujarat Titans,Lucknow Super Giants,Lucknow Super Giants,field,"Bharat Ratna Shri Atal Bihari Vajpayee Ekana Cricket Stadium, Lucknow",2025,Lucknow Super Giants
1473464,Punjab Kings,Sunrisers Hyderabad,Punjab Kings,bat,"Rajiv Gandhi International Stadium, Uppal, Hyderabad",2025,Sunrisers Hyderabad
1473465,Rajasthan Royals,Royal Challengers Bengaluru,Royal Challengers Bengaluru,field,"Sawai Mansingh Stadium, Jaipur",2025,Royal Challengers Bengaluru
1473466,Mumbai Indians,Delhi Capitals,Delhi Capitals,field,"Arun Jaitley Stadium, Delhi",2025,Mumbai Indians
1473467,Lucknow Super Giants,Chennai Super Kings,Chennai Super Kings,field,"Bharat Ratna Shri Atal Bihari Vajpayee Ekana Cricket Stadium, Lucknow",2025,Chennai Super Kings
1473468,Punjab Kings,Kolkata Knight Riders,Punjab Kings,bat,"Maharaja Yadavindra Singh International Cricket Stadium, Mullanpur",2025,Punjab Kings
1473469,Delhi Capitals,Rajasthan Royals,Rajasthan Royals,field,"Arun Jaitley Stadium, Delhi",2025,Unknown
1473470,Sunrisers Hyderabad,Mumbai Indians,Mumbai Indians,field,"Wankhede Stadium, Mumbai",2025,Mumbai Indians
1473471,Royal Challengers Bengaluru,Punjab Kings,Punjab Kings,field,"M Chinnaswamy Stadium, Bengaluru",2025,Punjab Kings
1473472,Delhi Capitals,Gujarat Titans,Gujarat Titans,field,"Narendra Modi Stadium, Ahmedabad",2025,Gujarat Titans
1473473,Lucknow Super Giants,Rajasthan Royals,Lucknow Super Giants,bat,"Sawai Mansingh Stadium, Jaipur",2025,Lucknow Super Giants
1473474,Punjab Kings,Royal Challengers Bengaluru,Royal Challengers Bengaluru,field,"Maharaja Yadavindra Singh International Cricket Stadium, Mullanpur",2025,Royal Challengers Bengaluru
1473475,Chennai Super Kings,Mumbai Indians,Mumbai Indians,field,"Wankhede Stadium, Mumbai",2025,Mumbai Indians
1473476,Gujarat Titans,Kolkata Knight Riders,Kolkata Knight Riders,field,"Eden Gardens, Kolkata",2025,Gujarat Titans
1473477,Lucknow Super Giants,Delhi Capitals,Delhi Capitals,field,"Bharat Ratna Shri Atal Bihari Vajpayee Ekana Cricket Stadium, Lucknow",2025,Delhi Capitals
1473478,Sunrisers Hyderabad,Mumbai Indians,Mumbai Indians,field,"Rajiv Gandhi International Stadium, Uppal, Hyderabad",2025,Mumbai Indians
1473479,Royal Challengers Bengaluru,Rajasthan Royals,Rajasthan Royals,field,"M Chinnaswamy Stadium, Bengaluru",2025,Royal Challengers Bengaluru
1473480,Chennai Super Kings,Sunrisers Hyderabad,Sunrisers Hyderabad,field,"MA Chidambaram Stadium, Chepauk, Chennai",2025,Sunrisers Hyderabad
1473481,Punjab Kings,Kolkata Knight Riders,Punjab Kings,bat,"Eden Gardens, Kolkata",2025,Unknown
1473482,Mumbai Indians,Lucknow Super Giants,Lucknow Super Giants,field,"Wankhede Stadium, Mumbai",2025,Mumbai Indians
1473483,Delhi Capitals,Royal Challengers Bengaluru,Royal Challengers Bengaluru,field,"Arun Jaitley Stadium, Delhi",2025,Royal Challengers Bengaluru
1473484,Gujarat Titans,Rajasthan Royals,Rajasthan Royals,field,"Sawai Mansingh Stadium, Jaipur",2025,Rajasthan Royals
1473485,Kolkata Knight Riders,Delhi Capitals,Delhi Capitals,field,"Arun Jaitley Stadium, Delhi",2025,Kolkata Knight Riders
1473486,Chennai Super Kings,Punjab Kings,Punjab Kings,field,"MA Chidambaram Stadium, Chepauk, Chennai",2025,Punjab Kings
1473487,Mumbai Indians,Rajasthan Royals,Rajasthan Royals,field,"Sawai Mansingh Stadium, Jaipur",2025,Mumbai Indians
1473488,Gujarat Titans,Sunrisers Hyderabad,Sunrisers Hyderabad,field,"Narendra Modi Stadium, Ahmedabad",2025,Gujarat Titans
1473489,Royal Challengers Bengaluru,Chennai Super Kings,Chennai Super Kings,field,"M Chinnaswamy Stadium, Bengaluru",2025,Royal Challengers Bengaluru
1473490,Kolkata Knight Riders,Rajasthan Royals,Kolkata Knight Riders,bat,"Eden Gardens, Kolkata",2025,Kolkata Knight Riders
1473491,Punjab Kings,Lucknow Super Giants,Lucknow Super Giants,field,"Himachal Pradesh Cricket Association Stadium, Dharamsala",2025,Punjab Kings
1473492,Delhi Capitals,Sunrisers Hyderabad,Sunrisers Hyderabad,field,"Rajiv Gandhi International Stadium, Uppal, Hyderabad",2025,Unknown
1473493,Mumbai Indians,Gujarat Titans,Gujarat Titans,field,"Wankhede Stadium, Mumbai",2025,Gujarat Titans
1473494,Kolkata Knight Riders,Chennai Super Kings,Kolkata Knight Riders,bat,"Eden Gardens, Kolkata",2025,Chennai Super Kings
1473495,Punjab Kings,Delhi Capitals,Punjab Kings,bat,"Himachal Pradesh Cricket Association Stadium, Dharamsala",2025,Unknown
1473497,Punjab Kings,Rajasthan Royals,Punjab Kings,bat,"Sawai Mansingh Stadium, Jaipur",2025,Punjab Kings
1473498,Delhi Capitals,Gujarat Titans,Gujarat Titans,field,"Arun Jaitley Stadium, Delhi",2025,Gujarat Titans
1473499,Lucknow Super Giants,Sunrisers Hyderabad,Sunrisers Hyderabad,field,"Bharat Ratna Shri Atal Bihari Vajpayee Ekana Cricket Stadium, Lucknow",2025,Sunrisers Hyderabad
1473500,Chennai Super Kings,Rajasthan Royals,Rajasthan Royals,field,"Arun Jaitley Stadium, Delhi",2025,Rajasthan Royals
1473501,Mumbai Indians,Delhi Capitals,Delhi Capitals,field,"Wankhede Stadium, Mumbai",2025,Mumbai Indians
1473502,Lucknow Super Giants,Gujarat Titans,Gujarat Titans,field,"Narendra Modi Stadium, Ahmedabad",2025,Lucknow Super Giants
1473503,Sunrisers Hyderabad,Royal Challengers Bengaluru,Royal Challengers Bengaluru,field,"Bharat Ratna Shri Atal Bihari Vajpayee Ekana Cricket Stadium, Lucknow",2025,Sunrisers Hyderabad
1485779,Punjab Kings,Delhi Capitals,Delhi Capitals,field,"Sawai Mansingh Stadium, Jaipur",2025,Delhi Capitals
1473504,Chennai Super Kings,Gujarat Titans,Chennai Super Kings,bat,"Narendra Modi Stadium, Ahmedabad",2025,Chennai Super Kings
1473505,Sunrisers Hyderabad,Kolkata Knight Riders,Sunrisers Hyderabad,bat,"Arun Jaitley Stadium, Delhi",2025,Sunrisers Hyderabad
1473506,Mumbai Indians,Punjab Kings,Punjab Kings,field,"Sawai Mansingh Stadium, Jaipur",2025,Punjab Kings
1473507,Lucknow Super Giants,Royal Challengers Bengaluru,Royal Challengers Bengaluru,field,"Bharat Ratna Shri Atal Bihari Vajpayee Ekana Cricket Stadium, Lucknow",2025,Royal Challengers Bengaluru
1473508,Punjab Kings,Royal Challengers Bengaluru,Royal Challengers Bengaluru,field,"Maharaja Yadavindra Singh International Cricket Stadium, Mullanpur",2025,Royal Challengers Bengaluru
1473509,Mumbai Indians,Gujarat Titans,Mumbai Indians,bat,"Maharaja Yadavindra Singh International Cricket Stadium, New Chandigarh",2025,Mumbai Indians
1473510,Mumbai Indians,Punjab Kings,Punjab Kings,field,"Narendra Modi Stadium, Ahmedabad",2025,Punjab Kings
1473511,Royal Challengers Bengaluru,Punjab Kings,Punjab Kings,field,"Narendra Modi Stadium, Ahmedabad",2025,Royal Challengers Bengaluru
1527674,Sunrisers Hyderabad,Royal Challengers Bengaluru,Royal Challengers Bengaluru,field,"M Chinnaswamy Stadium, Bengaluru",2026,Royal Challengers Bengaluru
1527675,Kolkata Knight Riders,Mumbai Indians,Mumbai Indians,field,"Wankhede Stadium, Mumbai",2026,Mumbai Indians
1527676,Chennai Super Kings,Rajasthan Royals,Rajasthan Royals,field,"Barsapara Cricket Stadium, Guwahati",2026,Rajasthan Royals
1527677,Gujarat Titans,Punjab Kings,Punjab Kings,field,"Maharaja Yadavindra Singh International Cricket Stadium, New Chandigarh",2026,Punjab Kings
1527678,Lucknow Super Giants,Delhi Capitals,Delhi Capitals,field,"Bharat Ratna Shri Atal Bihari Vajpayee Ekana Cricket Stadium, Lucknow",2026,Delhi Capitals
1527679,Sunrisers Hyderabad,Kolkata Knight Riders,Kolkata Knight Riders,field,"Eden Gardens, Kolkata",2026,Sunrisers Hyderabad
1527680,Chennai Super Kings,Punjab Kings,Punjab Kings,field,"MA Chidambaram Stadium, Chepauk, Chennai",2026,Punjab Kings
1527681,Mumbai Indians,Delhi Capitals,Delhi Capitals,field,"Arun Jaitley Stadium, Delhi",2026,Delhi Capitals
1527682,Rajasthan Royals,Gujarat Titans,Rajasthan Royals,bat,"Narendra Modi Stadium, Ahmedabad",2026,Rajasthan Royals
1527683,Sunrisers Hyderabad,Lucknow Super Giants,Lucknow Super Giants,field,"Rajiv Gandhi International Stadium, Uppal, Hyderabad",2026,Lucknow Super Giants
1527684,Royal Challengers Bengaluru,Chennai Super Kings,Chennai Super Kings,field,"M Chinnaswamy Stadium, Bengaluru",2026,Royal Challengers Bengaluru
1527685,Kolkata Knight Riders,Punjab Kings,Kolkata Knight Riders,bat,"Eden Gardens, Kolkata",2026,Unknown
1527686,Rajasthan Royals,Mumbai Indians,Mumbai Indians,field,"Barsapara Cricket Stadium, Guwahati",2026,Rajasthan Royals
1527687,Gujarat Titans,Delhi Capitals,Delhi Capitals,field,"Arun Jaitley Stadium, Delhi",2026,Gujarat Titans
1527688,Kolkata Knight Riders,Lucknow Super Giants,Lucknow Super Giants,field,"Eden Gardens, Kolkata",2026,Lucknow Super Giants
1527689,Royal Challengers Bengaluru,Rajasthan Royals,Rajasthan Royals,field,"Barsapara Cricket Stadium, Guwahati",2026,Rajasthan Royals
1527690,Sunrisers Hyderabad,Punjab Kings,Punjab Kings,field,"Maharaja Yadavindra Singh International Cricket Stadium, New Chandigarh",2026,Punjab Kings
1527691,Chennai Super Kings,Delhi Capitals,Delhi Capitals,field,"MA Chidambaram Stadium, Chepauk, Chennai",2026,Chennai Super Kings
1527692,Lucknow Super Giants,Gujarat Titans,Gujarat Titans,field,"Bharat Ratna Shri Atal Bihari Vajpayee Ekana Cricket Stadium, Lucknow",2026,Gujarat Titans
1527693,Royal Challengers Bengaluru,Mumbai Indians,Mumbai Indians,field,"Wankhede Stadium, Mumbai",2026,Royal Challengers Bengaluru
1529264,Sunrisers Hyderabad,Rajasthan Royals,Rajasthan Royals,field,"Rajiv Gandhi International Stadium, Uppal, Hyderabad",2026,Sunrisers Hyderabad
1529265,Chennai Super Kings,Kolkata Knight Riders,Kolkata Knight Riders,field,"MA Chidambaram Stadium, Chepauk, Chennai",2026,Chennai Super Kings
1529266,Lucknow Super Giants,Royal Challengers Bengaluru,Royal Challengers Bengaluru,field,"M Chinnaswamy Stadium, Bengaluru",2026,Royal Challengers Bengaluru
1529267,Mumbai Indians,Punjab Kings,Punjab Kings,field,"Wankhede Stadium, Mumbai",2026,Punjab Kings
